Al,Co,Cr,Cu,Fe,Ni,Mo,Ti,W,Nb,Ta,V,Mn,Hf,Zr,Pm,Phase
0,0,26.0416667,3.6458333,26.0416667,0,0,0,0,0,0,26.0416667,18.2291667,0,0,3,BCC+FCC
12.2807,0,17.5439,17.5439,17.5439,35.0877,0,0,0,0,0,0,0,0,0,1,BCC+FCC
0,0,25,0,0,0,25,25,0,25,0,0,0,0,0,2,BCC
13,0,0,0,36,18,0,0,0,0,0,0,33,0,0,3,IM
0,19.26782274,19.26782274,0,19.26782274,19.26782274,3.66088632,0,0,0,0,0,19.26782274,0,0,3,IM
0,16.66666667,16.66666667,0,16.66666667,16.66666667,0,0,0,0,0,16.66666667,16.66666667,0,0,3,IM
0,21.0526,21.0526,0,21.0526,21.0526,0,0,0,15.7895,0,0,0,0,0,1,IM
15.3846,15.3846,15.3846,0,15.3846,15.3846,23.0769,0,0,0,0,0,0,0,0,1,IM
30,16.6666667,16.6666667,0,16.6666667,16.6666667,0,3.3333333,0,0,0,0,0,0,0,3,IM
0,0,0,0,0,0,0,12.5,0,12.5,0,62.5,0,0,12.5,3,IM
6.850665352,13.7013307,13.7013307,13.7013307,13.7013307,13.7013307,0,24.64268112,0,0,0,0,0,0,0,3,IM
5.882352941,0,0,0,0,0,0,23.52941176,0,23.52941176,23.52941176,23.52941176,0,0,0,3,BCC
0,0,0,0,0,0,0,30,0,25,20,0,0,0,25,3,BCC
20,20,20,0,20,20,0,0,0,0,0,0,0,0,0,1,BCC
15.78947368,0,0,0,0,0,21.05263158,21.05263158,0,21.05263158,0,21.05263158,0,0,0,3,BCC
0,20,20,10,20,20,10,0,0,0,0,0,0,0,0,1,IM
13.04347826,0,0,0,0,0,21.73913043,21.73913043,0,0,21.73913043,21.73913043,0,0,0,3,BCC
0,0,0,0,20,0,20,20,0,20,0,20,0,0,0,3,IM
12.28070175,0,17.54385965,0,35.0877193,13.15789474,0,0,0,0,0,0,21.92982456,0,0,3,IM
14,0,0,0,33,19,0,0,0,0,0,0,34,0,0,3,IM
28.5714,14.2857,14.2857,0,14.2857,14.2857,0,14.2857,0,0,0,0,0,0,0,1,IM
7.695857852,11.53801777,11.53801777,11.53801777,11.53801777,11.53801777,0,11.53801777,0,0,0,11.53801777,11.53801777,0,0,3,IM
0,20,20,0,20,20,0,0,20,0,0,0,0,0,0,1,IM
0,0,0,0,0,0,25,25,0,25,0,25,0,0,0,3,BCC
0,20.6186,20.6186,0,20.6186,20.6186,17.5258,0,0,0,0,0,0,0,0,1,IM
0,0,0,0,0,0,9.090909091,18.18181818,0,18.18181818,18.18181818,0,0,18.18181818,18.18181818,3,BCC
10.01050053,0,12.00560028,0,35.00175009,19.9859993,0,0,0,0,0,0,22.99614981,0,0,4,FCC
0,0,0,0,0,0,8.3333333,27.7777778,0,27.7777778,0,8.3333333,0,0,27.7777778,3,BCC
28.5714,0,14.2857,0,14.2857,14.2857,28.5714,0,0,0,0,0,0,0,0,1,BCC
8.196721311,16.39344262,16.39344262,16.39344262,16.39344262,16.39344262,0,9.836065574,0,0,0,0,0,0,0,3,BCC+FCC
0,0,0,0,0,0,5,23.75,0,23.75,23.75,0,0,0,23.75,3,IM
0,12.5,31.25,0,12.5,25,0,18.75,0,0,0,0,0,0,0,1,BCC+FCC
0,0,0,0,0,0,0,30.0030003,0,20.0120012,9.9909991,0,0,15.00150015,24.99249925,4,BCC
14.4144,18.018,18.018,13.5135,18.018,18.018,0,0,0,0,0,0,0,0,0,1,BCC+FCC
0,17.3553719,17.3553719,17.3553719,17.3553719,17.3553719,0,0,0,13.2231405,0,0,0,0,0,3,IM
5.660377358,0,0,0,0,0,0,18.86792453,0,18.86792453,18.86792453,0,0,18.86792453,18.86792453,3,BCC
16,16,16,0,16,16,20,0,0,0,0,0,0,0,0,1,IM
17.8571,17.8571,0,0,17.8571,17.8571,0,0,0,0,0,0,28.5714,0,0,1,FCC
0,22.2222,22.2222,0,22.2222,22.2222,0,0,0,11.1111,0,0,0,0,0,1,IM
0,0,0,0,0,0,4.761904762,19.04761905,0,19.04761905,19.04761905,0,0,19.04761905,19.04761905,3,BCC
7.5,13.3333333,13.3333333,0,13.3333333,45,0,7.5,0,0,0,0,0,0,0,3,IM
0,0,0,0,0,0,0,14.2857143,0,28.5714286,0,14.2857143,0,14.2857143,28.5714286,3,BCC
0,0,0,0,0,0,20,20,0,20,0,0,0,20,20,2,BCC
86.2069,3.4483,3.4483,0,3.4483,3.4483,0,0,0,0,0,0,0,0,0,1,BCC
0,0,0,0,0,0,24.5283019,18.8679245,0,18.8679245,0,18.8679245,0,0,18.8679245,3,IM
20,20,0,0,20,20,0,20,0,0,0,0,0,0,0,1,BCC+FCC
22.77992278,0,25.74002574,0,25.74002574,25.74002574,0,0,0,0,0,0,0,0,0,3,IM
0,14.2857143,0,9.5238095,0,28.5714286,0,28.5714286,0,0,0,0,0,9.5238095,9.5238095,3,IM
14.27958834,14.27958834,0,14.27958834,14.27958834,42.88164666,0,0,0,0,0,0,0,0,0,3,FCC
83.3333,4.1667,4.1667,0,4.1667,4.1667,0,0,0,0,0,0,0,0,0,1,BCC+FCC
18.1818,0,18.1818,9.0909,18.1818,18.1818,0,0,0,0,0,0,18.1818,0,0,1,BCC
15.78947368,21.05263158,21.05263158,0,21.05263158,21.05263158,0,0,0,0,0,0,0,0,0,2,BCC+FCC
4.545454545,18.18181818,18.18181818,13.63636364,18.18181818,18.18181818,0,9.090909091,0,0,0,0,0,0,0,3,FCC
0,0,0,0,0,0,22.22222222,11.11111111,22.22222222,22.22222222,22.22222222,0,0,0,0,3,BCC
0,25,25,22.5,25,2.5,0,0,0,0,0,0,0,0,0,1,FCC
22.22222222,0,11.11111111,0,0,0,0,22.22222222,0,22.22222222,0,22.22222222,0,0,0,2,BCC
0,16,16,0,16,32,0,12,0,0,0,8,0,0,0,1,IM
10.2041,20.4082,20.4082,0,20.4082,20.4082,0,0,0,8.1633,0,0,0,0,0,1,IM
20,20,0,20,20,20,0,0,0,0,0,0,0,0,0,1,BCC+FCC
0,0,0,0,0,0,25,25,0,25,25,0,0,0,0,3,BCC
11.7647,0,11.7647,0,23.5294,0,11.7647,11.7647,11.7647,17.6471,0,0,0,0,0,1,IM
33.3333,16.6667,16.6667,0,16.6667,16.6667,0,0,0,0,0,0,0,0,0,1,BCC+FCC
22.49718785,0,0,20,15.0056243,20,0,22.49718785,0,0,0,0,0,0,0,3,FCC
0,17.2414,17.2414,0,17.2414,17.2414,0,13.7931,0,0,0,0,17.2414,0,0,1,BCC+FCC
20,0,0,0,0,0,0,20,0,20,0,20,0,0,20,2,IM
6.25,0,20.8333333,0,31.25,20.8333333,0,0,0,0,0,0,20.8333333,0,0,3,BCC
30.7692,0,15.3846,0,15.3846,15.3846,23.0769,0,0,0,0,0,0,0,0,1,BCC
0,11.6149285,23.26473666,0,23.26473666,34.87966516,0,6.975933031,0,0,0,0,0,0,0,4,FCC
14.28571429,14.28571429,14.28571429,14.28571429,14.28571429,14.28571429,0,0,0,0,0,14.28571429,0,0,0,3,BCC+FCC
1.9608,19.6078,19.6078,19.6078,19.6078,19.6078,0,0,0,0,0,0,0,0,0,1,FCC
88.2353,2.9412,2.9412,0,2.9412,2.9412,0,0,0,0,0,0,0,0,0,1,BCC
0,0,0,0,0,0,6.9767442,23.255814,0,23.255814,0,23.255814,0,0,23.255814,3,BCC
0,13.6986,13.6986,0,13.6986,27.3973,0,0,0,10.9589,0,6.8493,13.6986,0,0,1,IM
0,27.3973,27.3973,0,13.6986,13.6986,2.7397,0,0,15.0685,0,0,0,0,0,1,IM
9.6154,19.2308,19.2308,13.4615,19.2308,19.2308,0,0,0,0,0,0,0,0,0,1,BCC+FCC
13.3333,0,13.3333,0,20,0,13.3333,13.3333,0,26.6667,0,0,0,0,0,1,IM
11.1111,0,11.1111,0,22.2222,0,11.1111,11.1111,11.1111,22.2222,0,0,0,0,0,1,IM
0,10,10,0,45,25,0,0,0,0,0,10,0,0,0,3,FCC
0,0,0,0,0,0,0,40,0,25,10,0,0,0,25,3,BCC
0,0,0,0,0,0,0,20,0,20,20,0,0,20,20,1,BCC
11.11111111,0,22.22222222,0,22.22222222,22.22222222,0,0,0,0,0,0,22.22222222,0,0,3,IM
0,0,15,0,37.5,37.5,0,0,0,0,0,0,10,0,0,3,BCC
0,0,0,0,0,0,11.1111111,22.2222222,0,22.2222222,0,22.2222222,0,0,22.2222222,3,BCC
25,12.5,12.5,12.5,12.5,12.5,0,12.5,0,0,0,0,0,0,0,1,BCC
18.1818,18.1818,18.1818,0,18.1818,18.1818,0,0,0,9.0909,0,0,0,0,0,1,IM
0,0,0,0,0,0,31.6456,0,5.0633,31.6456,31.6456,0,0,0,0,1,BCC
19.2307692,0,19.2307692,19.2307692,19.2307692,23.0769231,0,0,0,0,0,0,0,0,0,3,IM
0,16.66666667,16.66666667,0,33.33333333,33.33333333,0,0,0,0,0,0,0,0,0,4,FCC
9.090909091,0,0,0,0,0,0,18.18181818,0,18.18181818,18.18181818,0,0,18.18181818,18.18181818,3,BCC
0,0,0,0,0,0,0,25,0,12.5,12.5,0,0,25,25,3,BCC
10.6383,21.2766,21.2766,0,21.2766,21.2766,0,0,0,4.2553,0,0,0,0,0,1,IM
0,0,0,0,0,0,14.2857143,14.2857143,14.2857143,14.2857143,14.2857143,0,0,14.2857143,14.2857143,3,IM
0,0,24.3902,0,0,24.3902,0,24.3902,0,24.3902,2.439,0,0,0,0,1,IM
0,6.398809524,0,6.398809524,6.398809524,6.398809524,0,0,0,74.4047619,0,0,0,0,0,4,IM
0,0,0,0,0,0,25,25,0,0,25,25,0,0,0,3,BCC
0,11.11111111,0,11.11111111,11.11111111,11.11111111,0,0,0,55.55555556,0,0,0,0,0,4,IM
24.99375156,16.67083229,16.67083229,0,16.67083229,16.67083229,8.32291927,0,0,0,0,0,0,0,0,3,IM
12.987,12.987,12.987,0,35.0649,12.987,12.987,0,0,0,0,0,0,0,0,1,IM
18.1818,18.1818,18.1818,0,18.1818,18.1818,0,9.0909,0,0,0,0,0,0,0,1,BCC+FCC
0,0,0,0,0,0,0,25,0,25,0,25,0,0,25,3,BCC
27.2727273,0,0,0,0,0,18.1818182,18.1818182,0,18.1818182,0,18.1818182,0,0,0,3,BCC
0,0,0,0,0,0,0,25,25,25,25,0,0,0,0,2,BCC
0,23.25581395,23.25581395,0,23.25581395,23.25581395,0,6.976744186,0,0,0,0,0,0,0,4,FCC
17.3913,17.3913,17.3913,0,17.3913,17.3913,13.0435,0,0,0,0,0,0,0,0,1,IM
5.005250263,0,12.00560028,0,35.00175009,19.9859993,0,0,0,0,0,0,28.00140007,0,0,3,FCC
15.38638985,15.38638985,15.38638985,0,15.38638985,15.38638985,0,23.06805075,0,0,0,0,0,0,0,3,IM
26.6667,0,0,0,13.3333,0,6.6667,13.3333,0,13.3333,0,0,26.6667,0,0,1,BCC+FCC
0,23.8095,23.8095,0,23.8095,23.8095,0,0,0,4.7619,0,0,0,0,0,1,IM
0,0,0,0,0,0,22.2222222,22.2222222,0,22.2222222,0,0,0,11.1111111,22.2222222,3,BCC
18.2927,12.1951,12.1951,0,32.9268,12.1951,12.1951,0,0,0,0,0,0,0,0,1,IM
0,0,0,0,0,0,17.5,25,0,25,0,7.5,0,0,25,3,BCC
23.5294118,0,0,0,0,0,0,23.5294118,0,23.5294118,0,23.5294118,0,0,5.8823529,3,IM
13,0,0,0,31,18,0,0,0,0,0,0,38,0,0,3,IM
0,0,0,0,0,0,0,28.9855072,0,28.9855072,28.9855072,0,0,0,13.0434783,3,BCC
0,0,25,0,0,0,0,25,0,25,25,0,0,0,0,3,BCC
0,59.06674542,22.74069699,0,9.096278795,9.096278795,0,0,0,0,0,0,0,0,0,4,IM
0,23.2558,23.2558,0,23.2558,23.2558,6.9767,0,0,0,0,0,0,0,0,1,IM
22.9885,11.4943,11.4943,0,31.0345,11.4943,11.4943,0,0,0,0,0,0,0,0,1,IM
25,25,0,0,25,25,0,0,0,0,0,0,0,0,0,3,BCC
16.6666667,16.6666667,16.6666667,0,16.6666667,16.6666667,0,0,0,0,0,16.6666667,0,0,0,3,BCC
0,23.2558,23.2558,0,23.2558,23.2558,0,0,0,6.9767,0,0,0,0,0,1,IM
26.6667,13.3333,13.3333,13.3333,13.3333,13.3333,0,6.6667,0,0,0,0,0,0,0,1,BCC
0,25,25,0,0,0,25,0,0,25,0,0,0,0,0,3,IM
12.5,0,0,0,0,0,0,25,0,25,12.5,0,0,0,25,4,IM
0,0,0,0,0,0,0,37.5,0,0,12.5,0,0,18.75,31.25,3,BCC
0,0,0,0,0,0,0,14.2857143,0,14.2857143,0,57.1428571,0,0,14.2857143,3,IM
12.5,0,12.5,0,18.75,0,12.5,12.5,0,31.25,0,0,0,0,0,1,IM
6.666666667,13.33333333,13.33333333,13.33333333,13.33333333,13.33333333,0,0,0,0,0,26.66666667,0,0,0,3,BCC
0,0,0,0,0,0,16.66666667,16.66666667,16.66666667,16.66666667,16.66666667,16.66666667,0,0,0,3,BCC
9.090909091,18.18181818,18.18181818,9.090909091,18.18181818,18.18181818,0,9.090909091,0,0,0,0,0,0,0,3,BCC+FCC
0,11.11111111,44.44444444,0,0,44.44444444,0,0,0,0,0,0,0,0,0,4,FCC
6.975933031,0,23.26473666,0,34.87966516,11.6149285,0,0,0,0,0,0,23.26473666,0,0,3,BCC+FCC
0,0,30,10,20,20,0,0,0,0,0,0,20,0,0,3,BCC+FCC
0,33.33333333,0,0,33.33333333,33.33333333,0,0,0,0,0,0,0,0,0,4,FCC
0,0,0,0,0,0,0,30.3030303,0,30.3030303,0,9.0909091,0,0,30.3030303,3,BCC
16.66666667,0,20.83333333,0,20.83333333,20.83333333,0,0,0,0,0,0,20.83333333,0,0,3,IM
0,23,20,0,20,17,0,0,0,0,0,0,20,0,0,3,FCC
20,0,0,0,0,0,20,20,0,20,0,20,0,0,0,1,BCC
0,0,0,0,0,0,31.25,20.8333333,0,20.8333333,0,6.25,0,0,20.8333333,3,BCC
0,0,20,0,20,0,20,20,0,20,0,0,0,0,0,3,IM
0,15.3846,15.3846,15.3846,15.3846,15.3846,0,23.0769,0,0,0,0,0,0,0,1,FCC
11.1,0,22.23333333,0,33.33333333,11.1,0,0,0,0,0,0,22.23333333,0,0,3,BCC
0,17.34605377,17.34605377,0,17.34605377,17.34605377,0,0,0,0,0,13.26973114,17.34605377,0,0,2,IM
7.470440702,14.92296668,14.92296668,14.92296668,14.92296668,14.92296668,0,0,0,0,0,17.9147259,0,0,0,3,BCC
16.6667,16.6667,16.6667,0,16.6667,16.6667,0,0,0,0,0,0,16.6667,0,0,1,BCC
0,17.2414,17.2414,0,17.2414,17.2414,17.2414,0,0,13.7931,0,0,0,0,0,1,IM
0,0,0,0,0,0,28.3286,0,15.0142,28.3286,28.3286,0,0,0,0,1,BCC
0,15.3846,38.4615,0,15.3846,30.7692,0,0,0,0,0,0,0,0,0,1,BCC
0,22.22222222,22.22222222,0,0,0,22.22222222,11.11111111,0,22.22222222,0,0,0,0,0,3,IM
5.0505,0,5.0505,0,5.0505,0,5.0505,0,0,0,0,79.798,0,0,0,1,BCC
8.771929825,17.54385965,17.54385965,17.54385965,17.54385965,17.54385965,0,3.50877193,0,0,0,0,0,0,0,3,FCC
18.1818182,0,0,0,0,0,0,18.1818182,0,18.1818182,0,18.1818182,0,0,27.2727273,3,IM
0,0,25,0,0,0,0,25,25,25,0,0,0,0,0,3,BCC
0,21.7391,21.7391,0,21.7391,21.7391,13.0435,0,0,0,0,0,0,0,0,1,IM
0,0,0,0,0,0,23.52941176,5.882352941,23.52941176,23.52941176,23.52941176,0,0,0,0,3,BCC
0,0,27.7777778,0,27.7777778,0,0,0,8.3333333,0,8.3333333,27.7777778,0,0,0,3,IM
7.692307692,15.38461538,15.38461538,15.38461538,15.38461538,15.38461538,0,0,0,0,0,15.38461538,0,0,0,3,IM
0,20,0,0,20,20,20,0,0,0,0,20,0,0,0,3,IM
0,44.44444444,11.11111111,0,0,44.44444444,0,0,0,0,0,0,0,0,0,4,FCC
0,22.2222,22.2222,11.1111,22.2222,22.2222,0,0,0,0,0,0,0,0,0,1,FCC
15.3846,15.3846,15.3846,0,38.4615,15.3846,0,0,0,0,0,0,0,0,0,1,BCC
0,25,25,25,25,0,0,0,0,0,0,0,0,0,0,1,FCC
0,16.6667,16.6667,16.6667,16.6667,16.6667,0,16.6667,0,0,0,0,0,0,0,1,IM
0,0,0,0,0,0,27.26281352,18.18429662,0,18.18429662,0,18.18429662,0,0,18.18429662,2,BCC
0,15.3846,15.3846,0,15.3846,30.7692,0,15.3846,0,0,0,7.6923,0,0,0,1,IM
0,0,0,0,0,0,18.1818182,18.1818182,0,18.1818182,0,0,0,27.2727273,18.1818182,3,BCC
8,17,17,8,17,33,0,0,0,0,0,0,0,0,0,3,FCC
0,20,20,0,0,20,0,0,20,20,0,0,0,0,0,1,BCC+FCC
0,0,23.8095238,4.7619048,23.8095238,0,0,0,0,0,0,23.8095238,23.8095238,0,0,3,BCC+FCC
78.9474,5.2632,5.2632,0,5.2632,5.2632,0,0,0,0,0,0,0,0,0,1,BCC+FCC
10,20,20,0,20,20,10,0,0,0,0,0,0,0,0,3,IM
0,24.3902,24.3902,0,24.3902,24.3902,0,0,0,2.439,0,0,0,0,0,1,IM
0,20,20,0,20,20,0,10,0,10,0,0,0,0,0,1,IM
0,0,0,0,0,0,0,35,0,5,5,0,0,27.5,27.5,3,BCC
0,0,20,0,20,0,20,20,20,0,0,0,0,0,0,1,BCC
9.0909,18.1818,18.1818,0,18.1818,18.1818,0,0,0,0,0,0,18.1818,0,0,1,FCC
0,25,25,12.5,25,12.5,0,0,0,0,0,0,0,0,0,1,FCC
3,31.3333333,31.3333333,0,0,31.3333333,0,3,0,0,0,0,0,0,0,3,IM
0,11.1111,11.1111,0,11.1111,11.1111,0,0,0,55.5556,0,0,0,0,0,1,IM
15.3846,15.3846,15.3846,15.3846,15.3846,23.0769,0,0,0,0,0,0,0,0,0,1,BCC+FCC
0,0,22.22222222,0,22.22222222,22.22222222,0,0,22.22222222,0,0,11.11111111,0,0,0,3,IM
20,0,20,0,20,20,20,0,0,0,0,0,0,0,0,3,IM
20.83333333,0,20.83333333,0,20.83333333,20.83333333,16.66666667,0,0,0,0,0,0,0,0,3,IM
0,0,0,0,0,0,0,25.00937383,0,37.49531309,25.00937383,0,0,0,12.48593926,3,IM
4.7619,19.0476,19.0476,0,19.0476,19.0476,0,0,0,0,0,19.0476,0,0,0,1,BCC+FCC
0,19.0476,19.0476,0,19.0476,19.0476,0,9.5238,0,14.2857,0,0,0,0,0,1,IM
12.5,0,12.5,0,18.75,0,12.5,12.5,12.5,18.75,0,0,0,0,0,1,IM
0,20,0,20,0,20,0,0,0,10,0,30,0,0,0,1,IM
0,22.2222,11.1111,0,22.2222,22.2222,0,11.1111,0,11.1111,0,0,0,0,0,1,BCC+FCC
0,10.0069979,15.01049685,0,34.98950315,24.98250525,0,0,0,0,0,10.0069979,5.00349895,0,0,4,FCC
0,0,0,0,0,0,21.05263158,15.78947368,21.05263158,21.05263158,21.05263158,0,0,0,0,3,BCC
0,20,20,0,20,20,0,0,0,0,0,0,20,0,0,1,FCC
0,25,0,25,25,25,0,0,0,0,0,0,0,0,0,3,FCC
0,22.2222,22.2222,0,22.2222,22.2222,0,11.1111,0,0,0,0,0,0,0,1,IM
0,0,35,5,20,20,0,0,0,0,0,0,20,0,0,3,BCC+FCC
0,0,0,0,0,0,20,0,20,20,20,20,0,0,0,3,BCC
9.8039,19.6078,19.6078,0,19.6078,19.6078,0,0,0,11.7647,0,0,0,0,0,1,IM
38.4615,15.3846,15.3846,0,15.3846,15.3846,0,0,0,0,0,0,0,0,0,1,BCC+FCC
0,0,25,15,20,20,0,0,0,0,0,0,20,0,0,3,BCC+FCC
0,25,0,0,25,25,0,25,0,0,0,0,0,0,0,1,FCC
0,14.8148,14.8148,0,14.8148,29.6296,0,18.5185,0,0,0,7.4074,0,0,0,1,IM
0,0,0,0,0,0,0,16.6666667,0,16.6666667,0,50,0,0,16.6666667,3,IM
0,10,25,0,20,40,0,0,0,0,0,0,5,0,0,3,FCC
3,0,0,0,0,0,0,24.25,0,24.25,0,0,0,24.25,24.25,3,BCC
0,0,0,0,0,0,15,21.25,0,21.25,21.25,0,0,0,21.25,3,IM
0,22.72727273,0,0,22.72727273,22.72727273,9.090909091,0,0,0,0,22.72727273,0,0,0,3,IM
0,0,29.7619048,1.7857143,29.7619048,0,0,0,0,0,0,29.7619048,8.9285714,0,0,3,BCC+FCC
14.2857,0,14.2857,0,14.2857,28.5714,0,0,14.2857,14.2857,0,0,0,0,0,1,IM
19.3548,16.129,16.129,16.129,16.129,16.129,0,0,0,0,0,0,0,0,0,1,BCC+FCC
71.4285714,9.5238095,9.5238095,0,0,9.5238095,0,0,0,0,0,0,0,0,0,3,IM
0,18.18181818,18.18181818,0,18.18181818,38.19709702,0,0,0,7.257448434,0,0,0,0,0,2,IM
4.761904762,19.04761905,19.04761905,9.523809524,19.04761905,19.04761905,0,9.523809524,0,0,0,0,0,0,0,3,FCC
0,0,0,0,0,0,0,0,25,25,25,25,0,0,0,3,BCC
0,12.5,12.5,0,50,0,0,0,0,0,0,0,25,0,0,3,IM
25,0,0,0,0,0,12.5,25,0,0,12.5,0,0,0,25,3,IM
20,20,0,0,0,0,0,20,0,20,0,0,0,0,20,1,IM
4.7619,19.0476,19.0476,0,19.0476,19.0476,0,0,0,0,0,0,19.0476,0,0,1,FCC
30.29385035,0,23.23538322,0,23.23538322,23.23538322,0,0,0,0,0,0,0,0,0,3,IM
0,24.99375156,16.67083229,0,16.67083229,24.99375156,0,16.67083229,0,0,0,0,0,0,0,2,IM
9.0909,18.1818,18.1818,0,18.1818,18.1818,0,18.1818,0,0,0,0,0,0,0,1,IM
0,20,20,15,20,20,5,0,0,0,0,0,0,0,0,1,IM
30.76923077,15.38461538,15.38461538,0,15.38461538,15.38461538,7.692307692,0,0,0,0,0,0,0,0,3,IM
21.2766,0,21.2766,0,21.2766,21.2766,0,10.6383,4.2553,0,0,0,0,0,0,1,BCC
0,0,0,0,0,0,0,33.33333333,0,0,33.33333333,0,0,0,33.33333333,3,IM
3.6363636,27.2727273,18.1818182,0,18.1818182,27.2727273,0,5.4545455,0,0,0,0,0,0,0,3,IM
0,0,25,0,25,0,0,0,0,0,0,25,25,0,0,3,BCC
17.2413793,17.2413793,17.2413793,0,17.2413793,17.2413793,0,0,0,0,0,13.7931034,0,0,0,3,BCC
14.2857,14.2857,14.2857,0,14.2857,0,14.2857,14.2857,0,0,0,14.2857,0,0,0,1,BCC+FCC
23.0769,15.3846,15.3846,0,15.3846,15.3846,0,15.3846,0,0,0,0,0,0,0,1,IM
0,18.0327869,18.0327869,18.0327869,18.0327869,18.0327869,0,0,0,9.8360656,0,0,0,0,0,3,IM
25,25,25,0,0,25,0,0,0,0,0,0,0,0,0,3,IM
0,0,0,0,0,0,14.27958834,14.27958834,0,14.27958834,0,42.88164666,0,0,14.27958834,3,BCC
0,19.2308,38.4615,0,19.2308,19.2308,3.8462,0,0,0,0,0,0,0,0,1,IM
5.6497,5.6497,0,0,5.6497,5.6497,0,0,0,0,0,0,77.4011,0,0,1,BCC+FCC
20.0040008,16.66333267,16.66333267,0,16.66333267,16.66333267,0,13.34266853,0,0,0,0,0,0,0,3,IM
18.18429662,18.18429662,0,18.18429662,18.18429662,27.26281352,0,0,0,0,0,0,0,0,0,3,IM
0,19.2308,19.2308,0,19.2308,19.2308,23.0769,0,0,0,0,0,0,0,0,1,IM
0,16.6667,16.6667,0,16.6667,16.6667,0,16.6667,0,16.6667,0,0,0,0,0,1,BCC+FCC
8.4746,8.4746,0,0,8.4746,8.4746,0,0,0,0,0,0,66.1017,0,0,1,BCC+FCC
0,0,30.3030303,0,30.3030303,30.3030303,0,9.090909091,0,0,0,0,0,0,0,3,BCC+FCC
20,10,20,0,20,20,10,0,0,0,0,0,0,0,0,3,IM
0,0,0,0,0,0,0,37.50937734,0,12.49062266,12.49062266,0,0,12.49062266,25.01875469,3,BCC
0,0,0,0,0,0,22.2222222,22.2222222,0,22.2222222,0,0,0,22.2222222,11.1111111,3,BCC
18.01763965,0,19.99160017,0,19.99160017,41.99916002,0,0,0,0,0,0,0,0,0,3,IM
0,0,0,0,0,0,27.2727273,18.1818182,0,18.1818182,0,0,0,18.1818182,18.1818182,3,BCC
6.25,25,0,18.75,25,25,0,0,0,0,0,0,0,0,0,1,FCC
0,26.455,26.455,0,13.2275,13.2275,2.6455,0,0,17.9894,0,0,0,0,0,1,IM
16.3934426,16.3934426,16.3934426,0,16.3934426,34.4262295,0,0,0,0,0,0,0,0,0,3,BCC+FCC
22.2222,0,22.2222,0,22.2222,22.2222,0,0,0,0,0,0,11.1111,0,0,1,BCC+FCC
19.0476,19.0476,19.0476,0,19.0476,19.0476,0,0,0,4.7619,0,0,0,0,0,1,IM
0,0,0,0,0,0,18.1818182,18.1818182,0,27.2727273,0,0,0,18.1818182,18.1818182,3,BCC
17.98975672,30.02560819,9.987195903,0,9.987195903,32.01024328,0,0,0,0,0,0,0,0,0,3,BCC+FCC
0,0,0,0,0,0,0,30,0,30,10,0,0,0,30,3,BCC
21.7391304,0,21.7391304,21.7391304,21.7391304,13.0434783,0,0,0,0,0,0,0,0,0,3,IM
16.67083229,16.67083229,16.67083229,0,24.99375156,16.67083229,8.32291927,0,0,0,0,0,0,0,0,3,IM
0,8.681462141,0,8.681462141,8.681462141,8.681462141,0,0,0,65.27415144,0,0,0,0,0,4,IM
16.6667,0,16.6667,0,33.3333,33.3333,0,0,0,0,0,0,0,0,0,1,BCC+FCC
8.7108,0,8.7108,0,8.7108,0,8.7108,0,0,0,0,65.1568,0,0,0,1,BCC
0,17.99669785,12.49312053,0,55.03577325,6.989543203,7.484865162,0,0,0,0,0,0,0,0,4,IM
0,0,22.2222,11.1111,22.2222,22.2222,0,0,0,0,0,0,22.2222,0,0,1,FCC
15,0,0,0,30,20,0,0,0,0,0,0,35,0,0,3,IM
0,0,0,0,0,0,25,0,0,25,25,25,0,0,0,3,BCC
0,0,0,0,0,0,22.22222222,22.22222222,0,22.22222222,0,11.11111111,0,0,22.22222222,3,BCC
0,16.6667,16.6667,0,16.6667,16.6667,0,16.6667,0,0,0,16.6667,0,0,0,1,IM
0,33.3333333,0,0,0,33.3333333,0,0,0,0,0,0,33.3333333,0,0,3,FCC
6.850665352,13.7013307,13.7013307,13.7013307,13.7013307,13.7013307,0,0,0,0,0,24.64268112,0,0,0,3,BCC
0,0,0,0,0,0,0,38.0952381,0,14.28571429,0,19.04761905,0,9.523809524,19.04761905,3,BCC
0,19.00057002,19.00057002,0,19.00057002,19.00057002,0,0,0,0,0,4.997149914,19.00057002,0,0,2,IM
0,15.3846,15.3846,0,15.3846,30.7692,0,0,0,0,0,7.6923,15.3846,0,0,1,FCC
20,0,0,0,0,0,0,30,0,30,10,0,0,0,10,3,BCC
10,0,0,0,0,0,0,30,0,20,16,4,0,0,20,3,IM
0,20.83333333,0,0,20.83333333,20.83333333,16.66666667,0,0,0,0,20.83333333,0,0,0,3,IM
0,20,20,0,20,20,20,0,0,0,0,0,0,0,0,1,IM
20,0,0,0,0,0,0,20,0,20,0,0,0,20,20,3,IM
0,21.0526,21.0526,0,21.0526,21.0526,0,10.5263,0,5.2632,0,0,0,0,0,1,IM
5.6604,18.8679,18.8679,0,37.7358,18.8679,0,0,0,0,0,0,0,0,0,1,FCC
7.4074,0,18.5185,18.5185,18.5185,37.037,0,0,0,0,0,0,0,0,0,1,BCC+FCC
9.2593,9.2593,0,0,9.2593,9.2593,0,0,0,0,0,0,62.963,0,0,1,BCC+FCC
7.8125,7.8125,0,0,7.8125,7.8125,0,0,0,0,0,0,68.75,0,0,1,BCC+FCC
6.5217391,21.7391304,21.7391304,6.5217391,21.7391304,21.7391304,0,0,0,0,0,0,0,0,0,3,FCC
0,16.6667,16.6667,0,16.6667,33.3333,0,8.3333,0,0,0,8.3333,0,0,0,1,IM
3.7037,3.7037,0,0,3.7037,3.7037,0,0,0,0,0,0,85.1852,0,0,1,BCC
0,0,20,0,20,0,20,0,0,20,0,20,0,0,0,3,IM
0,0,20,0,0,0,10,20,0,20,10,0,0,0,20,3,IM
35.7143,14.2857,14.2857,0,14.2857,14.2857,0,7.1429,0,0,0,0,0,0,0,1,IM
4.7619048,23.8095238,23.8095238,0,23.8095238,23.8095238,0,0,0,0,0,0,0,0,0,3,IM
0,0,0,0,0,0,0,42.10526316,0,5.263157895,0,21.05263158,0,10.52631579,21.05263158,3,BCC
0,20,20,20,20,0,0,0,0,0,0,0,20,0,0,3,BCC+FCC
71.4286,7.1429,7.1429,0,7.1429,7.1429,0,0,0,0,0,0,0,0,0,1,BCC+FCC
0,34.60207612,19.23875433,0,23.07958478,23.07958478,0,0,0,0,0,0,0,0,0,4,FCC
20,16,16,0,16,16,0,0,0,0,0,0,16,0,0,3,BCC
0,0,0,0,0,0,0,33.3333333,0,33.3333333,0,0,0,33.3333333,0,3,BCC
16.6667,16.6667,16.6667,0,16.6667,16.6667,16.6667,0,0,0,0,0,0,0,0,1,IM
13.7931,17.2414,17.2414,17.2414,17.2414,17.2414,0,0,0,0,0,0,0,0,0,1,BCC+FCC
0,0,28.57142857,0,28.57142857,28.57142857,0,14.28571429,0,0,0,0,0,0,0,3,BCC
0,0,29.4117647,0,29.4117647,0,0,0,5.8823529,0,5.8823529,29.4117647,0,0,0,3,BCC
0,26.6667,13.3333,0,6.6667,26.6667,0,13.3333,0,13.3333,0,0,0,0,0,1,BCC+FCC
23.80952381,19.04761905,19.04761905,0,19.04761905,19.04761905,0,0,0,0,0,0,0,0,0,2,BCC
12.5,0,0,0,34.6153846,17.3076923,0,3.8461538,0,0,0,0,31.7307692,0,0,3,IM
0,0,20,0,0,0,20,20,0,20,0,0,0,0,20,3,IM
22.2222222,0,0,0,0,0,0,22.2222222,0,22.2222222,0,22.2222222,0,0,11.1111111,3,IM
16.66666667,0,16.66666667,16.66666667,16.66666667,16.66666667,0,16.66666667,0,0,0,0,0,0,0,2,IM
0,0,0,0,0,0,21.05263158,21.05263158,0,21.05263158,0,15.78947368,0,0,21.05263158,3,BCC
0,13.3333,33.3333,0,13.3333,26.6667,0,13.3333,0,0,0,0,0,0,0,1,BCC+FCC
0,0,27.77777778,0,27.77777778,27.77777778,0,16.66666667,0,0,0,0,0,0,0,3,BCC
0,0,0,0,0,0,0,25,0,12.5,0,12.5,0,25,25,3,BCC
14.2857143,14.2857143,14.2857143,14.2857143,14.2857143,0,0,14.2857143,0,0,0,0,14.2857143,0,0,3,IM
7.936507937,15.87301587,15.87301587,15.87301587,15.87301587,15.87301587,0,0,0,0,0,12.6984127,0,0,0,3,IM
7.470440702,14.92296668,14.92296668,14.92296668,14.92296668,14.92296668,0,17.9147259,0,0,0,0,0,0,0,3,IM
0,0,0,0,0,25,0,25,0,25,25,0,0,0,0,1,IM
0,18.699187,18.699187,18.699187,18.699187,18.699187,0,0,0,6.504065,0,0,0,0,0,3,IM
22.22222222,22.22222222,22.22222222,0,22.22222222,0,11.11111111,0,0,0,0,0,0,0,0,3,IM
16.6667,0,16.6667,0,16.6667,16.6667,16.6667,0,16.6667,0,0,0,0,0,0,1,BCC
23.0769,15.3846,15.3846,15.3846,15.3846,15.3846,0,0,0,0,0,0,0,0,0,1,BCC+FCC
0,23.80952381,23.80952381,0,23.80952381,23.80952381,0,4.761904762,0,0,0,0,0,0,0,4,FCC
0,0,0,0,0,0,12.5,25,0,12.5,0,0,0,25,25,3,BCC
0,23.8095,23.8095,0,23.8095,23.8095,4.7619,0,0,0,0,0,0,0,0,1,IM
16.6667,0,16.6667,16.6667,16.6667,33.3333,0,0,0,0,0,0,0,0,0,1,BCC+FCC
0,0,0,0,0,0,18.1818182,18.1818182,0,18.1818182,0,0,0,18.1818182,27.2727273,3,BCC
0,0,0,0,0,0,28.2608696,21.7391304,0,21.7391304,0,6.5217391,0,0,21.7391304,3,BCC
0,14.2857,35.7143,0,14.2857,28.5714,0,7.1429,0,0,0,0,0,0,0,1,BCC+FCC
0,5,0,5,0,40,0,40,0,0,0,0,0,0,10,3,IM
0,25,17.85714286,0,28.57142857,28.57142857,0,0,0,0,0,0,0,0,0,4,FCC
0,0,0,0,0,0,0,25,0,0,25,0,0,25,25,3,BCC
17.3913,17.3913,17.3913,0,17.3913,17.3913,0,0,0,13.0435,0,0,0,0,0,1,IM
10,0,20,0,0,0,0,40,0,20,0,10,0,0,0,2,IM
16.6667,27.7778,27.7778,0,0,27.7778,0,0,0,0,0,0,0,0,0,1,BCC+FCC
33.3333,0,0,0,0,0,22.2222,0,0,22.2222,22.2222,0,0,0,0,1,IM
0,20,20,5,20,20,15,0,0,0,0,0,0,0,0,1,IM
0,0,0,0,0,0,0,36.36363636,0,18.18181818,0,18.18181818,0,9.090909091,18.18181818,3,BCC
9.090909091,0,18.18181818,0,36.36363636,13.63636364,0,0,0,0,0,0,22.72727273,0,0,3,IM
0,0,23.2558,0,0,23.2558,0,23.2558,0,23.2558,6.9767,0,0,0,0,1,IM
18.1818182,0,27.2727273,0,0,0,0,18.1818182,0,18.1818182,0,18.1818182,0,0,0,3,IM
24.3902439,0,0,0,0,0,0,24.3902439,0,24.3902439,0,24.3902439,0,0,2.4390244,3,IM
16.6667,0,16.6667,0,16.6667,33.3333,0,0,16.6667,0,0,0,0,0,0,1,IM
26.4706,14.7059,14.7059,14.7059,14.7059,14.7059,0,0,0,0,0,0,0,0,0,1,BCC+FCC
25,0,25,0,0,0,25,25,0,0,0,0,0,0,0,2,BCC
0,0,0,0,0,0,25,25,0,25,0,0,0,0,25,1,BCC
0,23.80952381,0,0,23.80952381,23.80952381,4.761904762,0,0,0,0,23.80952381,0,0,0,3,IM
0,0,0,0,0,0,16.66666667,16.66666667,0,16.66666667,0,33.33333333,0,0,16.66666667,3,BCC
0,10,10,0,40,0,0,0,0,0,0,0,40,0,0,4,FCC
0,0,0,0,0,0,0,0,0,25,25,0,0,25,25,3,BCC
11,0,0,0,34,16,0,0,0,0,0,0,39,0,0,3,IM
0,0,0,0,33.3333333,33.3333333,0,0,0,0,0,0,33.3333333,0,0,3,FCC
18.1818,18.1818,18.1818,18.1818,18.1818,9.0909,0,0,0,0,0,0,0,0,0,1,BCC+FCC
0,0,22.2222,0,0,22.2222,0,22.2222,0,22.2222,11.1111,0,0,0,0,1,IM
0,0,0,0,0,0,29.8245614,17.5438596,0,17.5438596,0,17.5438596,0,0,17.5438596,3,IM
15.38461538,30.76923077,15.38461538,0,15.38461538,15.38461538,7.692307692,0,0,0,0,0,0,0,0,3,IM
0,0,0,0,0,0,14.893617,21.2765957,0,21.2765957,0,21.2765957,0,0,21.2765957,3,BCC
14.28571429,28.57142857,0,0,28.57142857,28.57142857,0,0,0,0,0,0,0,0,0,3,BCC+FCC
0,0,0,0,0,0,20,20,20,20,20,0,0,0,0,2,BCC
4.4504,0,4.4504,0,4.4504,0,4.4504,0,0,0,0,82.1985,0,0,0,1,BCC
16.6667,16.6667,16.6667,0,33.3333,16.6667,0,0,0,0,0,0,0,0,0,1,BCC
27.27024816,0,24.24325061,0,24.24325061,24.24325061,0,0,0,0,0,0,0,0,0,3,IM
0,0,0,0,0,0,12.5,25,0,25,0,12.5,0,25,0,3,BCC
6.9444,13.8889,13.8889,0,37.5,13.8889,13.8889,0,0,0,0,0,0,0,0,1,BCC
10,0,20,10,20,20,0,0,0,0,0,0,20,0,0,1,BCC+FCC
0,9,9,0,37,0,0,0,0,0,0,0,45,0,0,3,FCC
22.22222222,22.22222222,0,22.22222222,22.22222222,11.11111111,0,0,0,0,0,0,0,0,0,3,IM
0,0,0,0,0,0,20,20,0,20,20,0,0,0,20,2,IM
7.936507937,15.87301587,15.87301587,15.87301587,15.87301587,15.87301587,0,12.6984127,0,0,0,0,0,0,0,3,IM
7.031778229,14.08609421,14.08609421,14.08609421,14.08609421,14.08609421,0,22.53775073,0,0,0,0,0,0,0,3,IM
20.83333333,20.83333333,0,20.83333333,20.83333333,16.66666667,0,0,0,0,0,0,0,0,0,3,IM
3.915881073,18.63669326,18.63669326,3.915881073,18.63669326,36.25815809,0,0,0,0,0,0,0,0,0,4,FCC
42.88164666,14.27958834,14.27958834,0,14.27958834,14.27958834,0,0,0,0,0,0,0,0,0,3,BCC
0,0,0,0,0,0,2.9411765,29.4117647,0,29.4117647,0,8.8235294,0,0,29.4117647,3,BCC
0,0,0,0,0,0,18.1818182,27.2727273,0,18.1818182,0,0,0,18.1818182,18.1818182,3,BCC
15.9744,15.9744,15.9744,15.9744,15.9744,15.9744,0,0,0,4.1534,0,0,0,0,0,1,BCC+FCC
0,0,20,0,0,20,0,20,0,20,20,0,0,0,0,1,IM
0,16.66666667,0,0,16.66666667,33.33333333,16.66666667,0,0,0,0,16.66666667,0,0,0,3,IM
3.5,26.31578947,17.55263158,0,17.55263158,26.31578947,0,8.763157895,0,0,0,0,0,0,0,2,FCC
6.25,31.25,31.25,0,0,31.25,0,0,0,0,0,0,0,0,0,1,FCC
9.0909,18.1818,18.1818,0,18.1818,18.1818,0,0,0,18.1818,0,0,0,0,0,1,IM
0,12.987,12.987,0,12.987,25.974,0,0,0,15.5844,0,6.4935,12.987,0,0,1,IM
0,0,40,0,20,20,0,0,0,0,0,0,20,0,0,3,BCC+FCC
0,20.8333333,20.8333333,0,20.8333333,20.8333333,0,16.6666667,0,0,0,0,0,0,0,3,IM
0,5.283911672,0,5.283911672,5.283911672,5.283911672,0,0,0,78.86435331,0,0,0,0,0,4,IM
0,25.641,25.641,0,12.8205,12.8205,2.5641,0,0,20.5128,0,0,0,0,0,1,IM
15,40,20,0,0,25,0,0,0,0,0,0,0,0,0,1,BCC+FCC
25,40,0,0,25,0,0,10,0,0,0,0,0,0,0,1,BCC+FCC
10,40,0,0,0,30,0,0,0,0,0,20,0,0,0,1,BCC+FCC
10,0,15,35,40,0,0,0,0,0,0,0,0,0,0,1,BCC+FCC
15,0,0,25,30,30,0,0,0,0,0,0,0,0,0,1,BCC+FCC
0,35,20,0,30,15,0,0,0,0,0,0,0,0,0,4,FCC
0,15,0,40,35,10,0,0,0,0,0,0,0,0,0,3,FCC
0,20,0,35,30,15,0,0,0,0,0,0,0,0,0,4,FCC
0,30,0,25,35,0,0,0,0,0,0,0,10,0,0,4,FCC
0,0,0,0,0,0,35,10,0,15,40,0,0,0,0,3,BCC
0,0,0,0,0,0,0,25,0,0,5,0,0,35,35,4,BCC
10,5,15,40,30,0,0,0,0,0,0,0,0,0,0,1,BCC+FCC
15,20,10,25,30,0,0,0,0,0,0,0,0,0,0,1,BCC+FCC
15,25,15,30,15,0,0,0,0,0,0,0,0,0,0,1,BCC+FCC
15,25,25,15,20,0,0,0,0,0,0,0,0,0,0,1,BCC+FCC
15,30,20,30,5,0,0,0,0,0,0,0,0,0,0,1,BCC+FCC
20,25,15,15,25,0,0,0,0,0,0,0,0,0,0,1,BCC+FCC
20,25,15,25,15,0,0,0,0,0,0,0,0,0,0,1,BCC+FCC
25,20,15,25,15,0,0,0,0,0,0,0,0,0,0,1,BCC+FCC
25,25,15,15,20,0,0,0,0,0,0,0,0,0,0,1,BCC+FCC
30,25,10,5,30,0,0,0,0,0,0,0,0,0,0,1,BCC+FCC
15,5,25,15,0,40,0,0,0,0,0,0,0,0,0,1,BCC+FCC
15,20,25,10,0,30,0,0,0,0,0,0,0,0,0,1,BCC+FCC
15,25,15,35,0,10,0,0,0,0,0,0,0,0,0,1,BCC+FCC
15,40,10,15,0,20,0,0,0,0,0,0,0,0,0,1,BCC+FCC
15,40,15,25,0,5,0,0,0,0,0,0,0,0,0,1,BCC+FCC
20,15,20,30,0,15,0,0,0,0,0,0,0,0,0,1,BCC+FCC
25,20,15,10,0,30,0,0,0,0,0,0,0,0,0,1,BCC+FCC
10,20,15,40,0,0,0,0,0,0,0,0,15,0,0,1,BCC+FCC
15,35,25,20,0,0,0,0,0,0,0,0,5,0,0,1,BCC+FCC
5,30,5,0,30,30,0,0,0,0,0,0,0,0,0,3,FCC
10,20,5,0,30,35,0,0,0,0,0,0,0,0,0,3,FCC
10,30,10,0,30,20,0,0,0,0,0,0,0,0,0,3,FCC
30,5,10,0,20,35,0,0,0,0,0,0,0,0,0,1,BCC+FCC
30,10,10,0,20,30,0,0,0,0,0,0,0,0,0,1,BCC+FCC
30,10,10,0,25,25,0,0,0,0,0,0,0,0,0,1,BCC+FCC
30,20,5,0,15,30,0,0,0,0,0,0,0,0,0,1,BCC+FCC
30,25,10,0,25,10,0,0,0,0,0,0,0,0,0,1,BCC+FCC
10,40,10,0,0,25,0,0,0,0,0,15,0,0,0,1,BCC+FCC
15,30,15,0,0,30,0,0,0,0,0,10,0,0,0,1,BCC+FCC
5,15,0,25,40,15,0,0,0,0,0,0,0,0,0,4,FCC
10,15,0,5,40,30,0,0,0,0,0,0,0,0,0,4,FCC
10,15,0,25,40,10,0,0,0,0,0,0,0,0,0,4,FCC
15,20,0,5,30,30,0,0,0,0,0,0,0,0,0,4,FCC
20,10,0,15,30,25,0,0,0,0,0,0,0,0,0,1,BCC+FCC
5,40,0,25,20,0,0,0,0,0,0,10,0,0,0,4,FCC
20,35,0,5,0,30,0,10,0,0,0,0,0,0,0,1,BCC+FCC
25,10,0,0,35,25,0,5,0,0,0,0,0,0,0,1,BCC+FCC
25,25,0,0,40,5,0,5,0,0,0,0,0,0,0,1,BCC+FCC
25,30,0,0,20,20,0,5,0,0,0,0,0,0,0,1,BCC+FCC
5,20,0,0,40,30,0,0,0,5,0,0,0,0,0,3,FCC
5,30,0,0,30,30,0,0,0,5,0,0,0,0,0,3,FCC
10,0,25,25,30,10,0,0,0,0,0,0,0,0,0,1,BCC+FCC
15,0,20,15,10,40,0,0,0,0,0,0,0,0,0,1,BCC+FCC
15,0,20,15,25,25,0,0,0,0,0,0,0,0,0,1,BCC+FCC
15,0,20,20,20,25,0,0,0,0,0,0,0,0,0,1,BCC+FCC
20,0,15,40,5,20,0,0,0,0,0,0,0,0,0,1,BCC+FCC
20,0,20,20,10,30,0,0,0,0,0,0,0,0,0,1,BCC+FCC
20,0,25,10,10,35,0,0,0,0,0,0,0,0,0,1,BCC+FCC
25,0,15,10,40,10,0,0,0,0,0,0,0,0,0,1,BCC+FCC
10,0,25,30,30,0,0,0,0,0,0,0,5,0,0,1,BCC+FCC
10,0,30,5,0,40,0,0,0,0,0,0,15,0,0,1,BCC+FCC
15,0,30,0,15,30,0,0,0,0,0,0,10,0,0,1,BCC+FCC
20,0,20,0,25,30,0,0,0,0,0,0,5,0,0,1,BCC+FCC
25,0,15,0,15,40,0,0,0,0,0,0,5,0,0,1,BCC+FCC
20,0,0,20,25,30,0,5,0,0,0,0,0,0,0,1,BCC+FCC
10,0,0,25,25,30,0,0,0,0,0,10,0,0,0,1,BCC+FCC
15,0,0,5,30,40,0,0,0,0,0,10,0,0,0,1,BCC+FCC
5,0,0,0,0,0,0,10,0,40,20,0,0,25,0,3,BCC
0,25,5,10,35,25,0,0,0,0,0,0,0,0,0,3,FCC
0,30,15,10,25,20,0,0,0,0,0,0,0,0,0,1,FCC
0,35,10,15,5,35,0,0,0,0,0,0,0,0,0,4,FCC
0,40,10,0,15,30,0,5,0,0,0,0,0,0,0,1,FCC
0,35,15,0,10,35,0,0,0,0,0,5,0,0,0,3,FCC
0,20,0,30,35,10,5,0,0,0,0,0,0,0,0,2,FCC
0,25,0,20,25,25,0,0,0,5,0,0,0,0,0,2,FCC
0,40,0,10,25,20,0,0,0,5,0,0,0,0,0,2,FCC
0,40,0,20,25,10,0,0,0,5,0,0,0,0,0,2,FCC
0,15,0,30,15,30,0,0,0,0,0,10,0,0,0,4,FCC
0,20,0,5,30,40,0,0,0,0,0,5,0,0,0,4,FCC
0,20,0,25,30,15,0,0,0,0,0,10,0,0,0,3,FCC
0,30,0,10,35,20,0,0,0,0,0,5,0,0,0,3,FCC
0,35,0,10,10,30,0,0,0,0,0,15,0,0,0,3,FCC
0,35,0,10,20,20,0,0,0,0,0,15,0,0,0,3,FCC
0,40,0,5,10,30,0,0,0,0,0,15,0,0,0,3,FCC
0,30,0,5,20,10,0,0,0,0,0,0,35,0,0,4,FCC
0,30,0,10,10,25,0,0,0,0,0,0,25,0,0,2,FCC
0,30,0,20,40,5,0,0,0,0,0,0,5,0,0,3,FCC
0,30,0,5,40,0,0,0,0,0,0,20,5,0,0,4,FCC
0,30,0,20,40,0,0,0,0,0,0,5,5,0,0,3,FCC
0,25,0,0,30,35,5,0,0,5,0,0,0,0,0,4,FCC
0,30,0,0,35,25,5,0,0,0,0,0,5,0,0,4,FCC
0,20,0,0,35,35,0,0,0,0,0,5,5,0,0,3,FCC
0,30,0,0,30,20,0,0,0,0,0,15,5,0,0,4,FCC
0,5,0,0,0,0,0,0,0,20,35,0,0,35,5,3,BCC
0,0,5,10,35,20,0,0,0,0,0,0,30,0,0,4,FCC
0,0,5,0,0,0,0,15,0,15,0,0,0,30,35,4,BCC
0,0,5,0,0,0,0,0,0,40,15,5,0,35,0,3,BCC
0,0,0,5,0,0,0,0,0,20,10,0,0,40,25,2,BCC
0,0,0,0,5,0,0,5,0,30,0,0,0,40,20,4,BCC
0,0,0,0,5,0,0,0,0,25,10,0,0,35,25,3,BCC
0,0,0,0,0,0,5,10,0,35,15,0,0,35,0,3,BCC
0,0,0,0,0,0,5,20,0,40,0,5,0,30,0,3,BCC
0,0,0,0,0,0,5,25,0,25,0,0,0,30,15,4,BCC
0,0,0,0,0,0,0,20,0,25,5,20,0,0,30,4,BCC
0,0,0,0,0,0,0,25,0,5,5,0,0,30,35,3,BCC
0,0,0,0,0,0,0,25,0,5,10,0,0,35,25,3,BCC
0,0,0,0,0,0,0,35,0,5,5,0,0,25,30,2,BCC
0,0,0,0,0,0,0,5,0,25,0,25,0,5,40,3,BCC
0,0,0,0,0,0,0,10,0,25,0,15,0,15,35,4,BCC
0,0,0,0,0,0,0,20,0,0,15,5,0,30,30,3,BCC
0,0,0,0,0,0,0,0,0,20,20,15,0,25,20,2,BCC
0,0,0,0,0,0,0,0,0,25,5,20,0,20,30,4,BCC
0,0,0,0,0,0,0,0,0,25,25,20,0,20,10,4,BCC
0,0,0,0,0,0,0,0,0,30,10,20,0,5,35,3,BCC
0,0,0,0,0,0,0,0,0,35,5,25,0,5,30,4,BCC
5,10,10,5,35,35,0,0,0,0,0,0,0,0,0,4,FCC
5,20,5,15,40,15,0,0,0,0,0,0,0,0,0,3,FCC
5,20,5,20,30,20,0,0,0,0,0,0,0,0,0,3,FCC
5,20,5,30,35,5,0,0,0,0,0,0,0,0,0,2,FCC
5,20,10,15,10,40,0,0,0,0,0,0,0,0,0,3,FCC
5,20,10,15,35,15,0,0,0,0,0,0,0,0,0,4,FCC
5,20,15,10,20,30,0,0,0,0,0,0,0,0,0,3,FCC
5,25,5,15,15,35,0,0,0,0,0,0,0,0,0,4,FCC
5,25,15,10,25,20,0,0,0,0,0,0,0,0,0,3,FCC
5,30,10,5,10,40,0,0,0,0,0,0,0,0,0,3,FCC
10,10,20,35,10,15,0,0,0,0,0,0,0,0,0,1,BCC+FCC
10,20,10,30,20,10,0,0,0,0,0,0,0,0,0,1,BCC+FCC
10,30,10,5,35,10,0,0,0,0,0,0,0,0,0,3,FCC
15,5,10,10,25,35,0,0,0,0,0,0,0,0,0,1,BCC+FCC
15,5,15,20,10,35,0,0,0,0,0,0,0,0,0,1,BCC+FCC
15,10,5,35,10,25,0,0,0,0,0,0,0,0,0,1,BCC+FCC
15,10,10,30,25,10,0,0,0,0,0,0,0,0,0,1,BCC+FCC
15,10,25,40,5,5,0,0,0,0,0,0,0,0,0,1,BCC+FCC
15,15,10,15,10,35,0,0,0,0,0,0,0,0,0,1,BCC+FCC
15,15,25,20,10,15,0,0,0,0,0,0,0,0,0,1,BCC+FCC
15,20,20,10,5,30,0,0,0,0,0,0,0,0,0,1,BCC+FCC
15,20,20,15,15,15,0,0,0,0,0,0,0,0,0,1,BCC+FCC
15,20,25,20,10,10,0,0,0,0,0,0,0,0,0,1,BCC+FCC
15,20,35,5,5,20,0,0,0,0,0,0,0,0,0,1,BCC+FCC
15,30,25,10,10,10,0,0,0,0,0,0,0,0,0,1,BCC+FCC
15,35,20,5,5,20,0,0,0,0,0,0,0,0,0,1,BCC+FCC
20,10,15,15,15,25,0,0,0,0,0,0,0,0,0,1,BCC+FCC
20,10,20,5,10,35,0,0,0,0,0,0,0,0,0,1,BCC+FCC
20,15,5,10,30,20,0,0,0,0,0,0,0,0,0,1,BCC+FCC
20,20,10,25,20,5,0,0,0,0,0,0,0,0,0,1,BCC+FCC
20,30,5,20,20,5,0,0,0,0,0,0,0,0,0,1,BCC+FCC
20,30,15,10,15,10,0,0,0,0,0,0,0,0,0,1,BCC+FCC
20,40,5,5,5,25,0,0,0,0,0,0,0,0,0,1,BCC+FCC
25,5,5,10,15,40,0,0,0,0,0,0,0,0,0,1,BCC+FCC
25,5,10,15,25,20,0,0,0,0,0,0,0,0,0,1,BCC+FCC
25,5,15,10,15,30,0,0,0,0,0,0,0,0,0,1,BCC+FCC
25,10,5,30,25,5,0,0,0,0,0,0,0,0,0,1,BCC+FCC
25,10,10,10,20,25,0,0,0,0,0,0,0,0,0,1,BCC+FCC
25,20,5,10,5,35,0,0,0,0,0,0,0,0,0,1,BCC+FCC
25,25,15,10,15,10,0,0,0,0,0,0,0,0,0,1,BCC+FCC
10,20,15,30,20,0,0,5,0,0,0,0,0,0,0,1,BCC+FCC
10,25,5,30,25,0,0,5,0,0,0,0,0,0,0,1,BCC+FCC
15,35,5,15,20,0,0,10,0,0,0,0,0,0,0,1,BCC+FCC
15,35,10,15,15,0,0,10,0,0,0,0,0,0,0,1,BCC+FCC
20,20,10,20,25,0,0,5,0,0,0,0,0,0,0,1,BCC+FCC
25,25,10,10,25,0,0,5,0,0,0,0,0,0,0,1,BCC+FCC
10,25,15,20,25,0,0,0,0,0,0,5,0,0,0,1,BCC+FCC
15,20,15,10,30,0,0,0,0,0,0,10,0,0,0,1,BCC+FCC
15,35,10,5,20,0,0,0,0,0,0,15,0,0,0,1,BCC+FCC
20,25,10,15,25,0,0,0,0,0,0,5,0,0,0,1,BCC+FCC
20,40,10,5,15,0,0,0,0,0,0,10,0,0,0,1,BCC+FCC
5,40,5,5,40,0,0,0,0,0,0,0,5,0,0,2,FCC
10,5,5,35,40,0,0,0,0,0,0,0,5,0,0,1,BCC+FCC
10,20,20,20,25,0,0,0,0,0,0,0,5,0,0,1,BCC+FCC
10,25,25,25,10,0,0,0,0,0,0,0,5,0,0,1,BCC+FCC
10,25,30,15,10,0,0,0,0,0,0,0,10,0,0,1,BCC+FCC
15,15,30,20,15,0,0,0,0,0,0,0,5,0,0,1,BCC+FCC
20,35,15,15,10,0,0,0,0,0,0,0,5,0,0,1,BCC+FCC
25,10,20,15,25,0,0,0,0,0,0,0,5,0,0,1,BCC+FCC
25,15,15,20,20,0,0,0,0,0,0,0,5,0,0,1,BCC+FCC
15,40,10,5,0,25,0,5,0,0,0,0,0,0,0,1,BCC+FCC
20,20,10,10,0,35,0,5,0,0,0,0,0,0,0,1,BCC+FCC
10,30,15,15,0,20,0,0,0,0,0,10,0,0,0,1,BCC+FCC
15,30,10,25,0,15,0,0,0,0,0,5,0,0,0,1,BCC+FCC
20,35,10,5,0,25,0,0,0,0,0,5,0,0,0,1,BCC+FCC
15,10,15,40,0,10,0,0,0,0,0,0,10,0,0,1,BCC+FCC
15,35,25,5,0,10,0,0,0,0,0,0,10,0,0,1,BCC+FCC
20,15,15,20,0,25,0,0,0,0,0,0,5,0,0,1,BCC+FCC
20,25,10,30,0,10,0,0,0,0,0,0,5,0,0,1,BCC+FCC
20,25,30,5,0,10,0,0,0,0,0,0,10,0,0,1,BCC+FCC
10,25,5,0,15,35,0,10,0,0,0,0,0,0,0,1,BCC+FCC
15,40,10,0,10,15,0,10,0,0,0,0,0,0,0,1,BCC+FCC
20,15,10,0,25,25,0,5,0,0,0,0,0,0,0,1,BCC+FCC
20,30,10,0,5,30,0,5,0,0,0,0,0,0,0,1,BCC+FCC
25,25,5,0,30,10,0,5,0,0,0,0,0,0,0,1,BCC+FCC
25,30,5,0,10,25,0,5,0,0,0,0,0,0,0,1,BCC+FCC
25,30,5,0,30,5,0,5,0,0,0,0,0,0,0,1,BCC+FCC
30,35,5,0,20,5,0,5,0,0,0,0,0,0,0,1,BCC+FCC
10,20,10,0,30,10,0,0,0,0,0,20,0,0,0,1,BCC+FCC
10,25,10,0,10,35,0,0,0,0,0,10,0,0,0,1,BCC+FCC
15,5,15,0,35,15,0,0,0,0,0,15,0,0,0,1,BCC+FCC
15,15,15,0,10,40,0,0,0,0,0,5,0,0,0,1,BCC+FCC
15,25,10,0,30,10,0,0,0,0,0,10,0,0,0,1,BCC+FCC
15,30,20,0,5,25,0,0,0,0,0,5,0,0,0,1,BCC+FCC
20,15,10,0,10,40,0,0,0,0,0,5,0,0,0,1,BCC+FCC
20,40,10,0,10,15,0,0,0,0,0,5,0,0,0,1,BCC+FCC
10,30,25,0,5,20,0,0,0,0,0,0,10,0,0,1,BCC+FCC
20,5,15,0,30,25,0,0,0,0,0,0,5,0,0,1,BCC+FCC
20,10,20,0,25,20,0,0,0,0,0,0,5,0,0,1,BCC+FCC
20,20,35,0,5,15,0,0,0,0,0,0,5,0,0,1,BCC+FCC
20,40,10,0,5,20,0,0,0,0,0,0,5,0,0,1,BCC+FCC
10,25,20,0,20,0,5,0,0,0,0,0,0,20,0,2,IM
10,30,20,0,20,0,0,0,0,0,0,0,0,10,10,3,IM
10,40,5,0,0,25,0,0,0,0,0,15,5,0,0,1,BCC+FCC
15,30,25,0,0,15,0,0,0,0,0,5,10,0,0,1,BCC+FCC
5,30,20,0,0,0,15,5,0,0,0,0,0,25,0,2,IM
10,25,15,0,0,0,20,0,0,0,0,5,0,25,0,3,IM
10,35,10,0,0,0,25,0,0,0,0,0,0,15,5,3,IM
5,25,0,10,35,20,5,0,0,0,0,0,0,0,0,1,FCC
5,30,0,15,35,10,5,0,0,0,0,0,0,0,0,3,FCC
5,25,0,40,15,5,0,10,0,0,0,0,0,0,0,1,BCC+FCC
10,25,0,10,10,35,0,10,0,0,0,0,0,0,0,1,BCC+FCC
10,35,0,10,15,20,0,10,0,0,0,0,0,0,0,1,BCC+FCC
15,5,0,10,35,25,0,10,0,0,0,0,0,0,0,1,BCC+FCC
15,30,0,10,25,5,0,15,0,0,0,0,0,0,0,1,BCC+FCC
20,10,0,10,30,25,0,5,0,0,0,0,0,0,0,1,BCC+FCC
25,25,0,10,30,5,0,5,0,0,0,0,0,0,0,1,BCC+FCC
5,30,0,10,10,40,0,0,0,0,0,5,0,0,0,3,FCC
5,40,0,5,25,20,0,0,0,0,0,5,0,0,0,3,FCC
10,15,0,15,30,15,0,0,0,0,0,15,0,0,0,1,BCC+FCC
10,20,0,5,20,25,0,0,0,0,0,20,0,0,0,1,BCC+FCC
10,20,0,10,30,25,0,0,0,0,0,5,0,0,0,4,FCC
10,20,0,15,25,15,0,0,0,0,0,15,0,0,0,1,BCC+FCC
10,35,0,10,20,10,0,0,0,0,0,15,0,0,0,1,BCC+FCC
5,25,0,10,40,15,0,0,0,0,0,0,5,0,0,4,FCC
5,30,0,20,30,0,0,10,0,0,0,5,0,0,0,1,BCC+FCC
5,35,0,15,30,0,0,10,0,0,0,5,0,0,0,1,BCC+FCC
5,35,0,10,40,0,0,0,0,0,0,5,5,0,0,1,FCC
10,35,0,10,0,25,0,10,0,0,0,0,10,0,0,1,BCC+FCC
10,35,0,0,20,20,0,5,0,0,0,10,0,0,0,1,BCC+FCC
10,40,0,0,5,30,0,5,0,0,0,10,0,0,0,1,BCC+FCC
15,15,0,0,35,20,0,10,0,0,0,5,0,0,0,1,BCC+FCC
15,35,0,0,15,15,0,10,0,0,0,10,0,0,0,1,BCC+FCC
15,40,0,0,25,5,0,10,0,0,0,5,0,0,0,1,BCC+FCC
5,20,0,0,25,30,0,15,0,0,0,0,5,0,0,1,BCC+FCC
10,20,0,0,30,20,0,15,0,0,0,0,5,0,0,1,BCC+FCC
5,20,0,0,25,10,0,0,0,0,0,10,30,0,0,4,FCC
5,20,0,0,30,10,0,0,0,0,0,10,25,0,0,4,FCC
10,25,0,0,15,0,25,10,0,15,0,0,0,0,0,2,IM
5,20,0,0,20,0,25,15,0,0,0,0,0,15,0,3,IM
10,30,0,0,0,10,25,10,0,0,0,0,0,15,0,3,IM
10,20,0,0,0,15,20,0,0,0,0,15,0,20,0,2,IM
5,20,0,0,0,15,20,0,0,0,0,20,0,0,20,4,IM
10,5,0,0,0,15,25,0,0,0,0,30,0,0,15,3,IM
10,15,0,0,0,5,30,0,0,0,0,25,0,0,15,4,IM
10,25,0,0,0,10,20,0,0,0,0,15,0,0,20,3,IM
10,30,0,0,0,0,25,5,0,15,0,0,0,15,0,3,IM
10,25,0,0,0,0,25,5,0,0,0,15,0,20,0,4,IM
10,20,0,0,0,0,25,10,0,0,0,20,0,0,15,2,IM
15,20,0,0,0,0,35,10,0,0,0,10,0,0,10,2,IM
10,30,0,0,0,0,25,0,0,5,0,15,0,15,0,2,IM
10,25,0,0,0,0,25,0,0,15,0,0,0,10,15,3,IM
5,0,15,20,30,25,0,5,0,0,0,0,0,0,0,1,BCC+FCC
10,0,5,20,30,30,0,5,0,0,0,0,0,0,0,1,BCC+FCC
10,0,10,20,20,30,0,10,0,0,0,0,0,0,0,1,BCC+FCC
15,0,5,10,35,30,0,5,0,0,0,0,0,0,0,1,BCC+FCC
20,0,5,15,35,20,0,5,0,0,0,0,0,0,0,1,BCC+FCC
20,0,10,10,20,35,0,5,0,0,0,0,0,0,0,1,BCC+FCC
5,0,10,30,30,15,0,0,0,0,0,10,0,0,0,1,BCC+FCC
15,0,15,10,40,15,0,0,0,0,0,5,0,0,0,1,BCC+FCC
20,0,5,20,20,30,0,0,0,0,0,5,0,0,0,1,BCC+FCC
20,0,10,5,25,35,0,0,0,0,0,5,0,0,0,1,BCC+FCC
10,0,20,20,30,15,0,0,0,0,0,0,5,0,0,1,BCC+FCC
10,0,20,25,5,30,0,0,0,0,0,0,10,0,0,1,BCC+FCC
10,0,20,30,15,15,0,0,0,0,0,0,10,0,0,1,BCC+FCC
10,0,25,10,5,40,0,0,0,0,0,0,10,0,0,1,BCC+FCC
10,0,25,15,15,25,0,0,0,0,0,0,10,0,0,1,BCC+FCC
10,0,25,30,15,15,0,0,0,0,0,0,5,0,0,1,BCC+FCC
10,0,30,15,20,20,0,0,0,0,0,0,5,0,0,1,BCC+FCC
20,0,15,5,10,40,0,0,0,0,0,0,10,0,0,1,BCC+FCC
20,0,20,20,20,15,0,0,0,0,0,0,5,0,0,1,BCC+FCC
5,0,20,25,35,0,0,5,0,0,0,0,10,0,0,1,BCC+FCC
40,0,5,0,5,0,0,15,0,0,0,10,25,0,0,1,BCC+FCC
10,0,0,10,30,40,0,5,0,0,0,5,0,0,0,1,BCC+FCC
10,0,0,15,40,25,0,5,0,0,0,5,0,0,0,1,BCC+FCC
10,0,0,15,25,35,0,10,0,0,0,0,5,0,0,1,BCC+FCC
5,0,0,0,40,30,0,10,0,0,0,5,10,0,0,1,BCC+FCC
0,30,5,15,15,30,5,0,0,0,0,0,0,0,0,1,FCC
0,25,5,15,30,20,0,5,0,0,0,0,0,0,0,3,FCC
0,30,5,5,30,25,0,0,0,5,0,0,0,0,0,4,FCC
0,30,10,5,20,30,0,0,0,5,0,0,0,0,0,3,FCC
0,40,5,10,5,35,0,0,0,5,0,0,0,0,0,4,FCC
0,15,10,15,30,25,0,0,0,0,0,5,0,0,0,4,FCC
0,15,10,15,35,20,0,0,0,0,0,5,0,0,0,4,FCC
0,25,5,15,15,35,0,0,0,0,0,5,0,0,0,3,FCC
0,25,5,20,20,25,0,0,0,0,0,5,0,0,0,3,FCC
0,25,15,10,5,40,0,0,0,0,0,5,0,0,0,1,FCC
0,30,5,15,5,40,0,0,0,0,0,5,0,0,0,3,FCC
0,5,5,10,30,20,0,0,0,0,0,0,30,0,0,4,FCC
0,25,5,10,40,15,0,0,0,0,0,0,5,0,0,3,FCC
0,25,10,15,40,5,0,0,0,0,0,0,5,0,0,3,FCC
0,25,15,5,40,10,0,0,0,0,0,0,5,0,0,1,FCC
0,30,15,10,15,0,0,0,5,0,0,0,0,25,0,4,IM
0,25,20,10,10,0,0,0,5,0,0,0,0,0,30,2,IM
0,30,5,15,40,0,0,0,0,5,0,0,5,0,0,3,FCC
0,15,10,0,30,20,0,5,0,0,0,0,20,0,0,1,FCC
0,30,15,0,25,5,0,0,5,0,0,0,0,0,20,2,IM
0,40,5,0,10,35,0,0,0,5,0,5,0,0,0,1,FCC
0,10,15,0,20,25,0,0,0,0,0,5,25,0,0,1,FCC
0,15,5,0,10,5,0,0,0,0,0,25,40,0,0,4,FCC
0,15,5,0,25,25,0,0,0,0,0,10,20,0,0,1,FCC
0,20,25,0,5,5,0,0,0,0,0,5,40,0,0,4,FCC
0,25,15,0,20,10,0,0,0,0,0,5,25,0,0,1,FCC
0,25,5,0,10,0,20,20,0,0,0,0,0,20,0,4,IM
0,30,10,0,15,0,15,15,0,0,0,0,0,15,0,3,IM
0,35,15,0,15,0,10,10,0,0,0,0,0,15,0,2,IM
0,40,5,0,10,0,15,15,0,0,0,0,0,15,0,2,IM
0,40,5,0,25,0,0,15,0,0,0,5,10,0,0,1,BCC+FCC
0,40,10,0,10,0,0,0,10,0,0,10,0,20,0,2,IM
0,40,10,0,15,0,0,0,10,0,0,15,0,10,0,2,IM
0,25,10,0,0,15,15,10,0,0,0,0,0,25,0,3,IM
0,25,25,0,0,10,0,15,0,0,0,15,0,10,0,3,IM
0,30,10,0,0,0,20,10,0,0,10,0,0,20,0,2,IM
0,30,0,10,30,20,0,5,0,0,0,5,0,0,0,3,FCC
0,30,0,20,35,5,0,5,0,0,0,5,0,0,0,3,FCC
0,40,0,5,5,40,0,5,0,0,0,5,0,0,0,4,FCC
0,25,0,10,35,10,0,15,0,0,0,0,5,0,0,1,BCC+FCC
0,30,0,15,10,20,0,15,0,0,0,0,10,0,0,1,BCC+FCC
0,35,0,5,40,10,0,0,0,5,0,0,5,0,0,2,FCC
0,5,0,5,40,15,0,0,0,0,0,5,30,0,0,4,FCC
0,25,0,15,40,5,0,0,0,0,0,10,5,0,0,3,FCC
0,25,0,25,10,15,0,0,0,0,0,5,20,0,0,1,FCC
0,30,0,5,5,30,0,0,0,0,0,5,25,0,0,4,FCC
0,30,0,5,25,5,0,0,0,0,0,5,30,0,0,4,FCC
0,30,0,10,40,5,0,0,0,0,0,10,5,0,0,3,FCC
0,35,0,10,25,20,0,0,0,0,0,5,5,0,0,3,FCC
0,15,0,10,20,0,20,20,0,0,0,0,0,15,0,2,IM
0,25,0,10,10,0,20,15,0,0,0,0,0,20,0,4,IM
0,40,0,10,10,0,5,0,15,0,0,0,0,20,0,3,IM
0,30,0,10,15,0,10,0,5,0,0,0,0,0,30,3,IM
0,40,0,5,40,0,0,0,0,5,0,5,5,0,0,3,FCC
0,25,0,5,0,10,20,25,0,0,0,0,0,15,0,3,IM
0,30,0,10,0,0,25,20,0,0,0,0,0,10,5,3,IM
0,5,0,0,20,20,10,25,0,0,0,0,0,20,0,3,IM
0,15,0,0,15,15,20,20,0,0,0,0,0,15,0,4,IM
0,20,0,0,10,20,15,15,0,0,0,0,0,20,0,2,IM
0,20,0,0,15,10,20,20,0,0,0,0,0,15,0,4,IM
0,25,0,0,10,15,15,15,0,0,0,0,0,20,0,3,IM
0,30,0,0,10,10,15,15,0,0,0,0,0,20,0,3,IM
0,30,0,0,10,10,20,15,0,0,0,0,0,15,0,3,IM
0,30,0,0,15,5,20,15,0,0,0,0,0,15,0,4,IM
0,10,0,0,10,15,25,25,0,0,0,0,0,0,15,3,IM
0,25,0,0,25,10,15,0,10,0,0,0,0,15,0,2,IM
0,20,0,0,30,25,0,5,0,0,0,5,15,0,0,1,FCC
0,30,0,0,20,10,0,0,10,10,0,0,0,20,0,2,IM
0,30,0,0,20,0,15,15,5,0,0,0,0,15,0,2,IM
0,35,0,0,10,0,20,15,0,5,0,0,0,15,0,4,IM
0,35,0,0,10,0,20,10,0,0,10,0,0,15,0,2,IM
0,35,0,0,15,0,20,10,0,0,5,0,0,0,15,2,IM
0,20,0,0,10,0,20,25,0,0,0,10,0,15,0,2,IM
0,25,0,0,15,0,15,25,0,0,0,0,0,10,10,3,IM
0,25,0,0,25,0,15,5,0,0,0,0,0,20,10,2,IM
0,40,0,0,15,0,5,0,10,15,0,0,0,15,0,3,IM
0,35,0,0,25,0,10,0,5,15,0,0,0,0,10,2,IM
0,35,0,0,15,0,15,0,10,0,0,0,10,15,0,2,IM
0,35,0,0,10,0,20,0,0,0,10,0,5,0,20,2,IM
0,20,0,0,0,10,25,25,0,5,0,0,0,0,15,3,IM
0,25,0,0,0,10,25,20,0,0,5,0,0,0,15,4,IM
0,20,0,0,0,15,25,20,0,0,0,5,0,15,0,2,IM
0,20,0,0,0,20,20,15,0,0,0,10,0,15,0,3,IM
0,30,0,0,0,10,20,10,0,0,0,10,0,20,0,3,IM
0,30,0,0,0,10,20,10,0,0,0,15,0,15,0,2,IM
0,10,0,0,0,25,20,15,0,0,0,10,0,0,20,3,IM
0,15,0,0,0,20,20,10,0,0,0,20,0,0,15,2,IM
0,20,0,0,0,15,25,15,0,0,0,10,0,0,15,3,IM
0,25,0,0,0,15,20,0,0,0,5,15,0,0,20,4,IM
0,5,0,0,0,0,0,5,0,25,20,0,0,25,20,4,BCC
0,5,0,0,0,0,0,10,0,35,25,0,0,15,10,4,BCC
0,0,10,25,35,10,0,10,0,0,0,0,10,0,0,1,BCC+FCC
0,0,5,0,0,0,0,10,0,15,0,5,0,30,35,4,BCC
0,0,5,0,0,0,0,0,0,30,5,10,0,30,20,3,BCC
0,0,5,0,0,0,0,0,0,40,5,10,0,25,15,4,BCC
0,0,0,5,15,20,15,25,0,0,0,0,0,20,0,2,IM
0,0,0,10,15,15,15,25,0,0,0,0,0,20,0,3,IM
0,0,0,25,35,20,0,10,0,0,0,5,5,0,0,1,BCC+FCC
0,0,0,15,0,25,15,15,0,10,0,0,0,20,0,3,IM
0,0,0,10,0,25,20,20,0,10,0,0,0,0,15,3,IM
0,0,0,10,0,20,20,15,0,0,0,20,0,15,0,4,IM
0,0,0,5,0,0,5,5,0,20,0,0,0,40,25,4,BCC
0,0,0,5,0,0,5,0,0,40,0,5,0,30,15,3,BCC
0,0,0,5,0,0,0,5,0,20,10,0,0,30,30,3,BCC
0,0,0,0,25,15,15,25,0,0,0,0,0,10,10,3,IM
0,0,0,0,0,0,5,5,0,35,15,15,0,25,0,4,BCC
0,0,0,0,0,0,35,5,0,15,25,15,0,5,0,3,BCC
0,0,0,0,0,0,5,15,0,20,10,0,0,35,15,4,BCC
0,0,0,0,0,0,5,20,0,20,10,0,0,35,10,3,BCC
0,0,0,0,0,0,5,25,0,20,5,0,0,30,15,3,BCC
0,0,0,0,0,0,5,20,0,20,0,5,0,30,20,3,BCC
0,0,0,0,0,0,5,25,0,20,0,15,0,10,25,4,BCC
0,0,0,0,0,0,40,0,5,15,5,25,0,10,0,4,BCC
0,0,0,0,0,0,5,0,0,35,5,15,0,30,10,4,BCC
0,0,0,0,0,0,0,10,5,35,0,5,0,35,10,3,BCC
0,0,0,0,0,0,0,5,0,5,20,15,0,30,25,4,BCC
0,0,0,0,0,0,0,5,0,20,10,20,0,10,35,4,BCC
0,0,0,0,0,0,0,5,0,20,15,15,0,20,25,4,BCC
0,0,0,0,0,0,0,5,0,20,20,10,0,15,30,2,BCC
0,0,0,0,0,0,0,5,0,20,30,10,0,30,5,4,BCC
0,0,0,0,0,0,0,5,0,25,10,15,0,5,40,4,BCC
0,0,0,0,0,0,0,5,0,25,25,5,0,25,15,2,BCC
0,0,0,0,0,0,0,5,0,30,15,10,0,25,15,3,BCC
0,0,0,0,0,0,0,5,0,30,20,20,0,10,15,3,BCC
0,0,0,0,0,0,0,10,0,15,20,10,0,30,15,4,BCC
0,0,0,0,0,0,0,10,0,20,10,15,0,20,25,4,BCC
0,0,0,0,0,0,0,10,0,25,20,5,0,25,15,3,BCC
0,0,0,0,0,0,0,10,0,30,10,20,0,5,25,3,BCC
0,0,0,0,0,0,0,10,0,30,20,10,0,15,15,3,BCC
0,0,0,0,0,0,0,15,0,5,10,5,0,40,25,3,BCC
0,0,0,0,0,0,0,15,0,10,10,5,0,40,20,3,BCC
0,0,0,0,0,0,0,15,0,15,5,5,0,20,40,2,BCC
0,0,0,0,0,0,0,15,0,15,5,5,0,25,35,2,BCC
0,0,0,0,0,0,0,15,0,15,10,10,0,20,30,4,BCC
0,0,0,0,0,0,0,15,0,20,20,5,0,20,20,2,BCC
0,0,0,0,0,0,0,15,0,25,15,5,0,30,10,3,BCC
0,0,0,0,0,0,0,20,0,10,10,5,0,25,30,2,BCC
0,0,0,0,0,0,0,20,0,20,5,10,0,20,25,4,BCC
0,0,0,0,0,0,0,20,0,20,10,10,0,5,35,3,BCC
0,0,0,0,0,0,0,20,0,25,15,5,0,15,20,4,BCC
0,0,0,0,0,0,0,25,0,25,5,20,0,5,20,3,BCC
0,0,0,0,0,0,0,30,0,25,10,15,0,5,15,3,BCC
0,0,0,0,0,0,0,30,0,25,20,5,0,5,15,4,BCC
0,0,0,0,0,0,0,35,0,15,5,5,0,10,30,4,BCC
