Pm,ΔS,EWF,ad-e/n,δ-VEC,δ-EWF,δ-G,δ-G/B,Phase
3,12.3228,4.3805,0.0344,0.2137,0.0369,0.3027,0.2973,BCC+FCC
1,12.8124,4.7274,0.0489,0.3129,0.069,0.3498,0.2606,BCC+FCC
2,11.5257,4.4325,0.0417,0.1579,0.0278,0.5819,0.5099,BCC
3,10.8709,4.4564,0.0288,0.2681,0.0819,0.2352,0.1751,IM
3,14.1964,4.6482,0.0382,0.1814,0.0802,0.3027,0.3511,IM
3,14.8967,4.5917,0.0418,0.2277,0.0806,0.3241,0.3742,IM
1,13.3321,4.7105,0.064,0.2329,0.0683,0.3794,0.438,IM
1,14.7842,4.6661,0.0666,0.3228,0.0627,0.4316,0.3296,IM
3,13.8767,4.62,0.0494,0.4159,0.0728,0.5153,0.3795,IM
3,8.9254,4.2725,0.0388,0.0912,0.0198,0.2893,0.2141,IM
3,15.7177,4.6212,0.0666,0.3796,0.0653,0.5483,0.4667,IM
3,12.7077,4.2941,0.0537,0.1266,0.0065,0.3671,0.2275,BCC
3,11.4419,4.2365,0.0348,0.1118,0.0262,0.5134,0.2878,BCC
1,13.3809,4.686,0.0443,0.3447,0.0706,0.4454,0.3796,BCC
3,13.3321,4.3663,0.0369,0.2084,0.0279,0.6731,0.3072,BCC
1,14.5334,4.755,0.0525,0.209,0.0567,0.3601,0.3736,IM
3,13.2416,4.3583,0.0497,0.1989,0.0299,0.5931,0.2654,BCC
3,13.3809,4.406,0.0546,0.2422,0.0277,0.5533,0.3423,IM
3,12.7202,4.4708,0.0315,0.2706,0.0692,0.2862,0.2103,IM
3,11.0032,4.4567,0.03,0.278,0.0838,0.2442,0.1791,IM
1,14.5318,4.5771,0.0536,0.4388,0.0718,0.5728,0.417,IM
3,18.2134,4.5442,0.0558,0.3504,0.0724,0.4545,0.413,IM
1,13.3809,4.74,0.0803,0.2051,0.0587,0.407,0.3501,IM
3,11.5257,4.3825,0.0336,0.1414,0.0288,0.6434,0.3359,BCC
1,13.3644,4.7546,0.0622,0.2027,0.0578,0.3326,0.3596,IM
3,14.6972,4.2055,0.0374,0.1442,0.0477,0.6826,0.3386,BCC
4,12.5719,4.5159,0.032,0.2584,0.0785,0.2523,0.1983,FCC
3,12.318,4.2639,0.0347,0.1424,0.0362,0.7391,0.3485,BCC
1,12.8852,4.5586,0.0578,0.3883,0.0595,0.4544,0.2281,BCC
3,15.9242,4.6784,0.0535,0.326,0.0637,0.4697,0.4187,BCC+FCC
3,12.5998,4.2509,0.0333,0.1283,0.0313,0.6264,0.3392,IM
1,12.8351,4.6931,0.0572,0.3026,0.069,0.4469,0.4463,BCC+FCC
4,12.8404,4.1815,0.0387,0.1066,0.0386,0.4678,0.2405,BCC
1,14.8391,4.6958,0.0447,0.3222,0.0649,0.4341,0.3782,BCC+FCC
3,14.859,4.6992,0.0636,0.2477,0.0625,0.3957,0.4215,IM
3,14.4319,4.1725,0.043,0.1332,0.0389,0.4833,0.2757,BCC
1,14.865,4.6688,0.0648,0.3263,0.0638,0.4368,0.3366,IM
1,13.2066,4.5518,0.0356,0.3108,0.0911,0.346,0.3287,FCC
1,13.1452,4.7333,0.0557,0.2191,0.0666,0.3658,0.4267,IM
3,14.3353,4.1867,0.0373,0.1312,0.0443,0.6269,0.3116,BCC
3,12.9185,4.8299,0.0481,0.2907,0.0718,0.3774,0.3512,IM
3,12.8853,4.1757,0.0407,0.1117,0.0382,0.3498,0.2153,BCC
2,13.3809,4.236,0.0341,0.1739,0.0571,0.8194,0.3983,BCC
1,4.9253,4.35,0.0193,0.508,0.0473,0.5534,0.1982,BCC
3,13.3303,4.3321,0.0357,0.1598,0.0419,0.7249,0.3896,IM
1,13.3809,4.652,0.0607,0.4097,0.0766,0.5002,0.3573,BCC+FCC
3,11.5145,4.6172,0.0457,0.3704,0.0705,0.3811,0.2537,IM
3,13.8484,4.6229,0.107,0.4215,0.098,0.5576,0.3906,IM
3,12.2615,4.8401,0.0357,0.2858,0.0689,0.3473,0.2351,FCC
1,5.6669,4.3646,0.0226,0.5284,0.0512,0.5773,0.2157,BCC+FCC
1,14.6972,4.5191,0.0437,0.3503,0.0755,0.3688,0.2573,BCC
2,13.3321,4.7074,0.0423,0.3162,0.0692,0.4231,0.384,BCC+FCC
3,15.5472,4.7041,0.0496,0.2919,0.0632,0.4449,0.4237,FCC
3,13.1452,4.4144,0.0334,0.125,0.0332,0.5445,0.3119,BCC
1,12.2013,4.675,0.0382,0.2094,0.0466,0.4093,0.4362,FCC
2,13.1452,4.3244,0.0382,0.2151,0.0149,0.5953,0.4564,BCC
1,14.14,4.7516,0.0547,0.2783,0.0725,0.4036,0.412,IM
1,14.4228,4.6959,0.0545,0.2947,0.0697,0.4148,0.4097,IM
1,13.3809,4.716,0.0419,0.3397,0.0677,0.3912,0.2719,BCC+FCC
3,11.5257,4.37,0.0335,0.1414,0.0311,0.5907,0.3336,BCC
1,15.8417,4.4365,0.0714,0.2804,0.0263,0.5669,0.3698,IM
1,12.9758,4.6183,0.0478,0.4237,0.0732,0.5102,0.3626,BCC+FCC
3,13.2992,4.5723,0.072,0.4706,0.0696,0.5,0.2782,FCC
1,14.8707,4.6059,0.0457,0.2557,0.0802,0.4072,0.4254,BCC+FCC
2,13.3809,4.252,0.0475,0.1782,0.024,0.3465,0.2868,IM
3,12.6136,4.5383,0.0334,0.2379,0.0772,0.2332,0.2035,BCC
1,13.011,4.5554,0.0556,0.403,0.0618,0.4681,0.2364,BCC
4,12.3187,4.7729,0.0432,0.2336,0.0675,0.3237,0.3536,FCC
3,16.1783,4.6257,0.0547,0.3587,0.067,0.4388,0.3693,BCC+FCC
1,13.9209,4.7506,0.0388,0.2169,0.0574,0.377,0.3898,FCC
1,4.3674,4.3397,0.0169,0.4881,0.0442,0.5307,0.1844,BCC
3,12.8253,4.2698,0.042,0.1336,0.0332,0.6525,0.3264,BCC
1,15.5463,4.6562,0.0573,0.2401,0.0845,0.3238,0.3789,IM
1,13.6167,4.6986,0.0654,0.236,0.065,0.4258,0.4856,IM
1,14.6603,4.7202,0.0423,0.2846,0.063,0.4096,0.3843,BCC+FCC
1,14.5409,4.408,0.0633,0.2901,0.0267,0.5657,0.4233,IM
1,15.7065,4.4289,0.0712,0.2759,0.0265,0.5772,0.3822,IM
3,11.612,4.6925,0.0297,0.1909,0.0666,0.2454,0.2759,FCC
3,10.7244,4.2445,0.0374,0.1096,0.027,0.4794,0.244,BCC
1,13.3809,4.166,0.0371,0.1113,0.0396,0.4897,0.2651,BCC
3,13.1452,4.5311,0.0367,0.2828,0.0807,0.2833,0.2187,IM
3,10.3962,4.7038,0.0317,0.1726,0.0775,0.1355,0.1849,BCC
3,13.1452,4.2844,0.0406,0.1429,0.036,0.7058,0.3538,BCC
1,15.8478,4.5862,0.0605,0.4429,0.0673,0.551,0.4008,BCC
1,14.6972,4.6509,0.0575,0.3499,0.0719,0.4579,0.4024,IM
1,10.3373,4.3918,0.0289,0.0898,0.0353,0.4593,0.2675,BCC
3,13.3571,4.6365,0.0512,0.3708,0.0656,0.4103,0.2784,IM
4,11.0548,4.8,0.0304,0.1629,0.0634,0.2667,0.3237,FCC
3,14.6972,4.1764,0.0461,0.1443,0.0385,0.4791,0.28,BCC
3,12.9664,4.1387,0.0403,0.1019,0.042,0.4884,0.2516,BCC
1,14.0489,4.7128,0.0477,0.2888,0.0686,0.4066,0.3997,IM
3,16.1783,4.2829,0.0356,0.1715,0.0541,0.7571,0.3955,IM
1,12.1979,4.5622,0.0778,0.363,0.0751,0.5371,0.5082,IM
4,7.6789,4.4344,0.0847,0.3322,0.0596,0.2939,0.294,IM
3,11.5257,4.37,0.047,0.1414,0.0311,0.5536,0.286,BCC
4,10.8339,4.5333,0.1098,0.3367,0.0692,0.333,0.3324,IM
3,14.5338,4.6451,0.0551,0.3783,0.0694,0.4852,0.3537,IM
1,14.0751,4.6338,0.0551,0.2881,0.0599,0.387,0.3,IM
1,14.6972,4.6536,0.0516,0.3675,0.0713,0.4959,0.416,BCC+FCC
3,11.5257,4.245,0.0443,0.1111,0.0267,0.3731,0.2421,BCC
3,13.2539,4.3545,0.038,0.2415,0.0268,0.6895,0.2846,BCC
2,11.5257,4.3575,0.0386,0.1414,0.0263,0.7074,0.3686,BCC
4,12.8253,4.7556,0.0415,0.2252,0.0642,0.3844,0.4262,FCC
1,14.8548,4.6748,0.0593,0.3336,0.0663,0.4453,0.352,IM
3,12.0558,4.5069,0.0293,0.2143,0.0805,0.2003,0.1851,FCC
3,14.7845,4.6039,0.0584,0.3963,0.071,0.5683,0.4652,IM
1,14.0626,4.292,0.0514,0.3469,0.0347,0.5285,0.3672,BCC+FCC
1,12.5685,4.7643,0.0425,0.1977,0.0637,0.3457,0.4101,IM
3,13.1452,4.2733,0.0308,0.175,0.0529,0.8185,0.4165,BCC
1,14.158,4.6122,0.055,0.3238,0.0611,0.4206,0.2979,IM
3,12.7953,4.2975,0.0313,0.1614,0.0414,0.7969,0.4055,BCC
3,12.7077,4.2876,0.0388,0.1904,0.0144,0.3072,0.2527,IM
3,10.8468,4.4364,0.0292,0.2695,0.0841,0.2349,0.1791,IM
3,11.1618,4.2616,0.0359,0.1078,0.0205,0.4721,0.2805,BCC
3,11.5257,4.345,0.0603,0.1414,0.0216,0.5553,0.5393,BCC
4,9.0116,4.8545,0.0304,0.1596,0.0507,0.4799,0.5889,IM
1,12.8253,4.7744,0.0453,0.19,0.0599,0.3343,0.3823,IM
1,14.0983,4.5931,0.0547,0.3527,0.0619,0.4488,0.2955,IM
3,11.5257,4.7325,0.0382,0.359,0.0751,0.4116,0.2946,BCC
3,14.8967,4.6217,0.05,0.3526,0.0724,0.4411,0.3801,BCC
1,12.8253,4.7535,0.0473,0.2056,0.0648,0.3529,0.416,IM
1,15.5993,4.6033,0.0573,0.4326,0.0676,0.5268,0.3803,BCC
3,11.5257,4.6,0.0796,0.2308,0.0554,0.4918,0.5099,IM
4,12.9664,4.2363,0.0448,0.1556,0.026,0.4745,0.3049,IM
3,10.8506,4.1519,0.0475,0.0802,0.0405,0.5352,0.2708,BCC
3,9.5922,4.2686,0.0406,0.0958,0.021,0.3075,0.2249,IM
1,14.2758,4.4013,0.0636,0.2832,0.0266,0.5687,0.4315,IM
3,15.5993,4.6053,0.0576,0.3339,0.0671,0.4049,0.373,BCC
3,14.8967,4.3883,0.0451,0.133,0.0307,0.6144,0.3207,BCC
3,15.745,4.6873,0.0515,0.3221,0.0662,0.4621,0.4212,BCC+FCC
4,8.0227,4.8444,0.0505,0.2357,0.0643,0.2551,0.3239,FCC
3,12.3187,4.4671,0.0296,0.229,0.0666,0.2458,0.2003,BCC+FCC
3,12.9458,4.565,0.0399,0.2225,0.0741,0.2309,0.2304,BCC+FCC
4,9.1339,4.8833,0.0167,0.0907,0.0569,0.2894,0.3377,FCC
3,10.8363,4.2333,0.0377,0.1112,0.0287,0.3648,0.2023,BCC
3,13.3507,4.5154,0.0375,0.32,0.0796,0.3291,0.2308,IM
3,13.3433,4.6455,0.0319,0.1734,0.0806,0.3127,0.3766,FCC
1,13.3809,4.362,0.0372,0.2217,0.0275,0.6797,0.2991,BCC
3,12.6136,4.3479,0.0261,0.1731,0.0454,0.7486,0.4218,BCC
3,13.3809,4.446,0.0624,0.2287,0.0255,0.5135,0.4451,IM
1,14.7842,4.6608,0.064,0.328,0.0636,0.5121,0.4729,FCC
3,12.6606,4.4588,0.0306,0.2607,0.0658,0.2839,0.2113,BCC
2,14.86,4.6036,0.0404,0.219,0.081,0.3192,0.3713,IM
3,15.9731,4.6417,0.0541,0.3205,0.0662,0.4098,0.378,BCC
1,14.8967,4.5883,0.0396,0.3163,0.0813,0.4011,0.3547,BCC
1,14.8707,4.6879,0.0787,0.239,0.0632,0.3873,0.3953,IM
1,11.2789,4.4084,0.0293,0.0912,0.035,0.4719,0.2698,BCC
1,10.859,4.7769,0.042,0.2137,0.0634,0.2844,0.3472,BCC
3,13.1452,4.57,0.0737,0.26,0.0558,0.5584,0.537,IM
1,6.5119,4.3343,0.0128,0.1664,0.0199,0.3897,0.2686,BCC
3,15.4453,4.7028,0.0468,0.299,0.0624,0.4336,0.3955,FCC
3,13.2539,4.2336,0.0502,0.1712,0.0268,0.3629,0.3004,IM
3,11.5257,4.42,0.0573,0.1579,0.0242,0.6464,0.5065,BCC
1,13.2416,4.763,0.0557,0.1978,0.0588,0.3345,0.3694,IM
3,12.7077,4.4194,0.0315,0.1108,0.0338,0.5069,0.2913,BCC
3,12.318,4.4278,0.0568,0.1933,0.024,0.3693,0.3121,IM
3,16.0055,4.6523,0.0527,0.3159,0.0658,0.4107,0.3791,IM
3,13.3809,4.71,0.0732,0.244,0.0673,0.3874,0.286,IM
4,8.0227,5.0111,0.02,0.1313,0.0387,0.3858,0.464,FCC
1,13.1452,4.7722,0.0361,0.1918,0.0585,0.352,0.3952,FCC
1,12.6321,4.6431,0.0358,0.2983,0.0648,0.3822,0.3281,BCC
1,11.5257,4.6625,0.0387,0.2121,0.0438,0.4171,0.4404,FCC
1,14.8967,4.6883,0.0571,0.2976,0.0623,0.4744,0.4525,IM
2,13.2542,4.3418,0.0347,0.1614,0.0427,0.7158,0.3907,BCC
1,14.2323,4.7354,0.058,0.2938,0.0733,0.4274,0.4248,IM
3,13.2539,4.2055,0.0375,0.172,0.0595,0.8173,0.3822,BCC
3,13.9149,4.7939,0.0407,0.2625,0.0664,0.3652,0.3535,FCC
1,13.3809,4.7,0.1018,0.2693,0.0683,0.5113,0.4471,BCC+FCC
3,12.5685,4.3643,0.0339,0.2163,0.0399,0.2958,0.2894,BCC+FCC
1,6.7053,4.3869,0.027,0.5469,0.0562,0.6004,0.2387,BCC+FCC
3,14.5334,4.718,0.0549,0.2813,0.0646,0.3997,0.3672,IM
1,12.1979,4.7756,0.037,0.189,0.0625,0.3379,0.4036,IM
1,14.5334,4.693,0.0632,0.2683,0.0688,0.4344,0.4618,IM
3,11.4488,4.1292,0.0467,0.0732,0.0436,0.4038,0.2103,BCC
1,13.3809,4.496,0.069,0.2108,0.0202,0.4527,0.3464,BCC
1,14.6972,4.6164,0.037,0.2612,0.0817,0.3564,0.3565,FCC
1,12.9664,4.725,0.036,0.1974,0.055,0.376,0.4191,FCC
3,10.8186,4.8486,0.0478,0.2501,0.0624,0.4206,0.4725,IM
1,10.8339,4.5167,0.0938,0.2936,0.0688,0.4468,0.4888,IM
1,14.7842,4.7161,0.0466,0.3289,0.0671,0.4274,0.3567,BCC+FCC
3,13.1452,4.6333,0.0794,0.2423,0.0615,0.3352,0.2337,IM
3,13.3809,4.606,0.0598,0.3534,0.0633,0.3833,0.2346,IM
3,13.3507,4.6062,0.0583,0.3588,0.0646,0.3877,0.2385,IM
3,10.9812,4.2638,0.0314,0.1047,0.0201,0.4455,0.2666,IM
1,14.3353,4.6705,0.0486,0.2788,0.0707,0.383,0.3956,BCC+FCC
1,14.677,4.6743,0.0688,0.2757,0.0697,0.4418,0.469,IM
1,16.0243,4.4325,0.0682,0.2768,0.0269,0.5854,0.3828,IM
1,12.9458,4.68,0.0782,0.3162,0.0748,0.2894,0.2626,IM
1,14.4258,4.7144,0.0658,0.268,0.0707,0.4314,0.4501,BCC+FCC
4,13.3785,4.6724,0.0357,0.2047,0.0719,0.2609,0.3005,FCC
3,13.3321,4.41,0.0347,0.1356,0.0326,0.5776,0.3288,BCC
1,13.3809,4.65,0.0325,0.1768,0.0816,0.2962,0.3568,FCC
3,11.5257,4.825,0.0239,0.1177,0.0541,0.3077,0.304,FCC
1,13.1452,4.7367,0.0469,0.2483,0.0656,0.4148,0.4427,IM
3,12.3287,4.5575,0.038,0.2159,0.0742,0.2064,0.2117,BCC+FCC
3,13.3809,4.4,0.0431,0.0907,0.0329,0.5084,0.2594,BCC
1,14.6101,4.6804,0.06,0.2997,0.0705,0.4219,0.4184,IM
1,12.6321,4.5923,0.0479,0.4502,0.0734,0.5326,0.3545,BCC+FCC
3,13.2758,4.5725,0.0408,0.2238,0.074,0.2498,0.2449,BCC+FCC
1,11.5257,4.745,0.0566,0.2939,0.0716,0.4548,0.4052,FCC
1,14.2517,4.7204,0.0607,0.3073,0.074,0.4488,0.4363,IM
3,10.3298,4.2633,0.0433,0.101,0.0225,0.3287,0.236,IM
3,11.7645,4.79,0.0381,0.1941,0.0717,0.2383,0.2968,FCC
3,12.3001,4.149,0.0393,0.1132,0.0427,0.2831,0.1873,BCC
3,13.3112,4.2876,0.0319,0.1496,0.0386,0.6936,0.3797,IM
3,13.0106,4.725,0.0593,0.2397,0.0709,0.3604,0.3015,IM
3,11.3875,4.4074,0.0342,0.207,0.0305,0.3131,0.3099,BCC+FCC
1,14.5318,4.6329,0.085,0.3523,0.0735,0.4729,0.2927,IM
1,14.8759,4.6671,0.048,0.36,0.0655,0.4598,0.3688,BCC+FCC
3,7.5837,4.4524,0.0346,0.5692,0.0697,0.6404,0.3041,IM
2,12.37,4.8247,0.0477,0.2056,0.0669,0.3178,0.3761,IM
3,15.433,4.7067,0.0496,0.292,0.0646,0.4438,0.4278,FCC
3,11.5257,4.35,0.0476,0.0825,0.027,0.5803,0.2743,BCC
3,10.0849,4.4625,0.0201,0.1124,0.0592,0.2339,0.2818,IM
3,12.9664,4.2713,0.0517,0.2247,0.0382,0.8154,0.3776,IM
1,13.3809,4.392,0.0708,0.4195,0.0728,0.2847,0.2991,IM
1,14.3353,4.6324,0.035,0.2246,0.0817,0.3288,0.3569,FCC
3,11.4661,4.5844,0.0464,0.412,0.0709,0.4336,0.2617,IM
2,13.2116,4.7591,0.0533,0.2744,0.0683,0.4622,0.4753,IM
1,14.6972,4.6582,0.0564,0.3446,0.0702,0.5098,0.459,IM
1,14.3159,4.7575,0.0449,0.2042,0.0564,0.3669,0.3829,IM
3,14.2323,4.6169,0.0542,0.41,0.0703,0.5151,0.3468,IM
1,14.0489,4.5755,0.0561,0.3942,0.0683,0.4953,0.3221,BCC
3,9.1339,4.21,0.0434,0.1088,0.028,0.603,0.3427,IM
3,13.3671,4.7964,0.0406,0.2442,0.0656,0.4061,0.4336,IM
3,11.5257,4.35,0.0301,0.172,0.0381,0.2829,0.2799,BCC
3,14.8707,4.6328,0.0494,0.3518,0.0723,0.4424,0.3805,BCC
1,16.1783,4.5014,0.0508,0.3344,0.0516,0.5725,0.4299,BCC+FCC
1,14.7842,4.6,0.0549,0.4146,0.0718,0.5564,0.4298,IM
3,14.7374,4.7148,0.0561,0.2359,0.0612,0.3889,0.4144,IM
3,11.5257,4.7325,0.0524,0.3912,0.0751,0.5105,0.4315,IM
3,12.2615,4.3114,0.0425,0.1315,0.0342,0.6254,0.3178,BCC
1,12.0051,4.725,0.0451,0.2078,0.0595,0.3139,0.3703,IM
1,7.0475,4.2429,0.0158,0.1823,0.074,0.1909,0.2061,BCC+FCC
3,14.841,4.6249,0.0543,0.3922,0.0717,0.5308,0.4281,IM
3,13.2542,4.7554,0.0404,0.3236,0.0692,0.3809,0.2615,IM
1,13.3571,4.7442,0.0689,0.2078,0.0566,0.3283,0.3471,IM
1,14.8967,4.63,0.0741,0.3086,0.0705,0.4926,0.496,BCC+FCC
1,9.231,4.3144,0.0221,0.2211,0.0843,0.235,0.2497,BCC+FCC
3,10.8363,4.6815,0.0469,0.2535,0.0668,0.2851,0.2921,BCC+FCC
3,14.5334,4.646,0.0558,0.3517,0.0677,0.4249,0.3132,IM
3,12.4206,4.1925,0.0434,0.1019,0.0375,0.5081,0.2596,BCC
3,13.1452,4.2567,0.0352,0.175,0.0579,0.7875,0.3848,BCC
3,10.948,4.7334,0.0473,0.3452,0.0767,0.335,0.236,IM
3,13.2539,4.2691,0.0327,0.1824,0.0594,0.7921,0.4105,BCC
1,12.6945,4.8019,0.0276,0.2079,0.0604,0.3353,0.3017,FCC
1,13.6631,4.6849,0.0686,0.2425,0.0659,0.433,0.4913,IM
3,12.9105,4.7697,0.0436,0.3234,0.0731,0.3962,0.3431,BCC+FCC
1,13.1452,4.5511,0.0415,0.3599,0.0761,0.3739,0.2467,BCC+FCC
1,14.3353,4.6676,0.0517,0.3477,0.0714,0.4522,0.3919,IM
3,13.2539,4.2418,0.0311,0.1664,0.0546,0.7918,0.3842,BCC
3,12.4265,4.8186,0.0422,0.3239,0.0711,0.4415,0.3952,BCC+FCC
3,10.9232,4.229,0.0323,0.1113,0.0282,0.4736,0.248,BCC
3,13.2416,4.5696,0.0522,0.3924,0.0561,0.4411,0.2936,IM
3,14.5338,4.6634,0.0526,0.3214,0.0659,0.4263,0.3435,IM
4,9.371,4.4823,0.1008,0.3415,0.0655,0.3182,0.318,IM
1,11.0548,4.68,0.0409,0.3243,0.0729,0.3187,0.2188,BCC+FCC
1,9.3907,4.3592,0.0209,0.2115,0.0244,0.4477,0.3071,BCC
4,10.6184,4.6429,0.0345,0.1413,0.0504,0.2938,0.3144,IM
1,13.1452,4.5722,0.0379,0.2131,0.0779,0.2259,0.2296,FCC
3,11.0999,4.457,0.0311,0.2877,0.0857,0.253,0.183,IM
3,11.5257,4.3625,0.0425,0.0825,0.0318,0.4523,0.2385,BCC
3,13.1452,4.3178,0.032,0.1644,0.0426,0.7702,0.4081,BCC
1,14.8967,4.63,0.0582,0.3086,0.0705,0.4677,0.4595,IM
3,9.1339,4.75,0.029,0.1439,0.0976,0.2838,0.4133,FCC
3,15.7177,4.6138,0.057,0.3311,0.067,0.4063,0.3744,BCC
3,12.4817,4.2257,0.0471,0.1088,0.0351,0.3707,0.2248,BCC
2,14.362,4.6325,0.0359,0.1943,0.0815,0.3056,0.3629,IM
1,14.2323,4.7,0.0394,0.2087,0.0841,0.2855,0.3422,FCC
3,12.5108,4.275,0.0473,0.1782,0.0185,0.4135,0.2845,BCC
3,13.7779,4.249,0.048,0.1489,0.0242,0.4887,0.3006,IM
3,13.3507,4.7146,0.0696,0.2431,0.0684,0.3829,0.291,IM
1,13.3809,4.75,0.0654,0.2051,0.0573,0.331,0.3541,IM
3,13.3809,4.172,0.0546,0.1581,0.0404,0.256,0.2776,IM
1,14.1676,4.7137,0.0561,0.2593,0.0674,0.4255,0.4531,IM
1,12.2573,4.7045,0.0299,0.2229,0.063,0.3328,0.3493,FCC
1,12.4506,4.7522,0.0463,0.2724,0.0667,0.3165,0.2591,BCC+FCC
1,9.749,4.3343,0.0237,0.2305,0.0863,0.246,0.26,BCC+FCC
1,8.7655,4.2977,0.0207,0.2128,0.0824,0.2253,0.2405,BCC+FCC
3,13.9933,4.7454,0.0385,0.2524,0.0634,0.3821,0.3906,FCC
1,13.9362,4.7692,0.0507,0.2602,0.0714,0.3767,0.3974,IM
1,5.1951,4.1937,0.0108,0.1486,0.0627,0.1539,0.1677,BCC
3,13.3809,4.44,0.0604,0.1826,0.027,0.4037,0.368,IM
3,14.5334,4.321,0.0512,0.1695,0.0397,0.6938,0.5888,IM
1,13.8692,4.5736,0.0506,0.4552,0.0725,0.5617,0.3828,IM
3,12.5685,4.7633,0.0353,0.2282,0.064,0.3596,0.3934,IM
3,11.7412,4.2179,0.048,0.1033,0.0365,0.3862,0.237,BCC
3,13.3809,4.55,0.037,0.2098,0.0637,0.3679,0.3965,BCC+FCC
1,8.2671,4.425,0.0337,0.5556,0.0627,0.6153,0.2708,BCC+FCC
4,11.3163,4.823,0.03,0.1619,0.0585,0.3672,0.4429,FCC
3,14.865,4.576,0.0404,0.3381,0.0809,0.4195,0.3535,BCC
3,9.1339,4.1767,0.0428,0.1088,0.0469,0.2367,0.0939,BCC
1,14.8967,4.6717,0.0624,0.3299,0.065,0.4415,0.344,IM
1,14.8707,4.6938,0.0457,0.32,0.0635,0.4349,0.3762,BCC+FCC
3,11.2387,4.6614,0.0515,0.2774,0.0674,0.3389,0.3293,BCC
3,11.7487,4.4294,0.0495,0.1947,0.0232,0.3583,0.3152,BCC
1,14.0626,4.7573,0.0751,0.2954,0.0735,0.4806,0.5016,BCC+FCC
2,13.3448,4.6667,0.0457,0.3689,0.0717,0.4648,0.3753,BCC
3,11.8082,4.4515,0.0324,0.2823,0.0806,0.2727,0.213,IM
3,13.3809,4.356,0.0452,0.1789,0.0433,0.7032,0.5798,IM
3,13.1452,4.2744,0.0424,0.1861,0.019,0.3229,0.2665,IM
2,14.8967,4.5683,0.0636,0.4206,0.0628,0.5157,0.3724,IM
3,13.3321,4.3168,0.0351,0.16,0.0414,0.7511,0.3955,BCC
1,12.6758,4.7173,0.0539,0.2804,0.0679,0.4041,0.4197,BCC+FCC
3,11.3575,4.6522,0.0533,0.2875,0.0676,0.3617,0.3452,BCC
3,12.9664,4.145,0.0502,0.1019,0.043,0.3448,0.2096,BCC
3,16.1783,4.48,0.0512,0.3773,0.0601,0.5186,0.4436,IM
3,15.9953,4.6635,0.0509,0.3108,0.0652,0.4115,0.38,IM
3,15.9731,4.6471,0.0617,0.3569,0.0649,0.5136,0.446,IM
1,11.5257,4.5075,0.0874,0.3909,0.0825,0.4319,0.3163,IM
3,14.5111,4.7301,0.0497,0.2232,0.0597,0.3818,0.4071,IM
3,13.1452,4.5733,0.0492,0.3361,0.0545,0.5043,0.3989,IM
1,14.8967,4.5967,0.0776,0.3294,0.0581,0.4082,0.2136,BCC
1,14.7842,4.6492,0.0501,0.3849,0.0666,0.4757,0.3635,BCC+FCC
4,12.5685,4.7657,0.0384,0.2117,0.0633,0.3675,0.417,FCC
3,12.9664,4.1825,0.0397,0.1591,0.0552,0.8489,0.3726,BCC
1,12.5685,4.7786,0.041,0.1868,0.0603,0.3333,0.3869,IM
1,12.9758,4.705,0.0508,0.3461,0.0707,0.3778,0.2615,BCC+FCC
3,13.2539,4.2191,0.0331,0.172,0.0561,0.8443,0.407,BCC
3,12.724,4.337,0.0273,0.1719,0.0449,0.765,0.4226,BCC
1,12.2227,4.745,0.0491,0.2519,0.0661,0.3518,0.3874,BCC+FCC
3,10.4995,4.6795,0.0958,0.4309,0.0912,0.5859,0.4063,IM
4,11.3908,4.8107,0.0301,0.1625,0.0612,0.3163,0.3815,FCC
3,11.5257,4.1325,0.0402,0.1019,0.0408,0.5606,0.295,BCC
1,14.8548,4.6357,0.0622,0.3515,0.0723,0.4626,0.4114,IM
2,12.2283,4.35,0.0361,0.1992,0.0177,0.7085,0.578,IM
1,11.3575,4.7828,0.0506,0.3387,0.0709,0.471,0.4444,BCC+FCC
1,11.3812,4.3489,0.0532,0.2558,0.0311,0.5871,0.2131,IM
1,14.3159,4.7525,0.0601,0.2096,0.057,0.3478,0.364,IM
3,12.6016,4.2291,0.0465,0.1102,0.0344,0.3633,0.2194,BCC
3,12.5061,4.4777,0.0305,0.2466,0.0699,0.2579,0.2028,IM
1,12.8253,4.5477,0.0809,0.3602,0.075,0.5233,0.4991,IM
3,13.2539,4.3564,0.0386,0.2226,0.0205,0.6299,0.505,IM
3,12.1979,4.2963,0.0373,0.1932,0.01,0.2961,0.2428,IM
1,12.9758,4.6883,0.0767,0.3457,0.072,0.4221,0.2175,IM
1,14.6437,4.6329,0.0517,0.4066,0.0673,0.4897,0.3583,BCC+FCC
2,11.5257,4.4275,0.039,0.2735,0.0291,0.641,0.4279,BCC
1,11.5257,4.32,0.0257,0.1746,0.0451,0.8133,0.4374,BCC
3,12.5685,4.731,0.0521,0.2372,0.0722,0.3369,0.307,IM
3,12.9757,4.3133,0.042,0.1422,0.0369,0.673,0.3463,BCC
4,9.9232,4.39,0.0194,0.1075,0.0632,0.2102,0.2555,FCC
3,11.5257,4.125,0.0245,0.1111,0.0388,0.4667,0.2667,BCC
3,10.5591,4.4238,0.0272,0.2497,0.0814,0.2157,0.1731,IM
3,9.1339,4.5833,0.0281,0.1497,0.0944,0.0268,0.1475,FCC
1,14.6972,4.6373,0.0473,0.3544,0.0602,0.4718,0.3905,BCC+FCC
1,13.1452,4.5344,0.0831,0.3572,0.0748,0.5105,0.4905,IM
3,13.1545,4.3509,0.0337,0.1625,0.0432,0.7052,0.3905,IM
3,14.2323,4.7277,0.053,0.3122,0.0663,0.4777,0.4232,IM
3,13.3081,4.2979,0.0393,0.1494,0.0382,0.7274,0.3704,BCC
3,11.2387,4.7971,0.0309,0.274,0.0694,0.3645,0.314,BCC+FCC
2,13.3809,4.406,0.0356,0.1439,0.0321,0.6071,0.3429,BCC
1,5.9458,4.3303,0.0114,0.157,0.0189,0.3741,0.2579,BCC
1,12.9758,4.655,0.0382,0.3116,0.0666,0.4002,0.3428,BCC
3,11.5144,4.5976,0.0462,0.3957,0.0708,0.4131,0.2587,IM
3,12.9664,4.245,0.0461,0.1505,0.0519,0.6867,0.3054,BCC
1,13.716,4.6583,0.0546,0.242,0.058,0.346,0.3017,BCC
1,14.5334,4.543,0.0418,0.2954,0.0768,0.3111,0.2464,BCC+FCC
3,9.6495,4.365,0.0187,0.1046,0.0633,0.1997,0.2439,FCC
3,13.1452,4.6678,0.0431,0.3584,0.0643,0.3978,0.2831,IM
2,13.3809,4.306,0.0314,0.1559,0.041,0.6935,0.3875,IM
3,15.9953,4.6673,0.0567,0.3373,0.0642,0.4855,0.4287,IM
3,15.8208,4.6293,0.0653,0.3727,0.0652,0.5375,0.4605,IM
3,13.3507,4.6979,0.0424,0.3469,0.0667,0.3945,0.2763,IM
4,12.9774,4.8261,0.0372,0.2212,0.0643,0.331,0.357,FCC
3,12.2615,4.5699,0.0476,0.4715,0.0732,0.5506,0.3468,BCC
3,11.6207,4.2441,0.0366,0.1244,0.0318,0.5849,0.2742,BCC
3,13.2539,4.2445,0.0365,0.172,0.0547,0.8333,0.3953,BCC
1,15.7145,4.6642,0.0542,0.3469,0.0655,0.4521,0.382,BCC+FCC
1,13.3809,4.506,0.0861,0.3496,0.0739,0.4822,0.4706,IM
3,12.9757,4.7833,0.0705,0.2394,0.0695,0.3498,0.261,IM
2,13.6693,4.78,0.0453,0.2617,0.0671,0.4278,0.445,FCC
1,10.5067,4.8456,0.0461,0.2615,0.0632,0.4174,0.458,FCC
1,14.6972,4.6527,0.0683,0.3075,0.0715,0.4335,0.4327,IM
1,15.6118,4.6377,0.0637,0.2512,0.0843,0.338,0.3928,IM
3,11.0757,4.55,0.0348,0.2023,0.0742,0.1754,0.1883,BCC+FCC
3,13.3507,4.7112,0.053,0.276,0.0672,0.4537,0.4639,IM
4,6.724,4.411,0.0741,0.3206,0.0557,0.2768,0.277,IM
1,13.6642,4.6731,0.0711,0.2477,0.0666,0.439,0.4961,IM
3,13.1452,4.7333,0.0416,0.2191,0.0666,0.3467,0.4005,IM
3,13.2416,4.7196,0.065,0.2416,0.0696,0.3746,0.2961,IM
3,13.2952,4.7426,0.0725,0.2433,0.0687,0.371,0.2752,IM
3,10.9812,4.2013,0.0349,0.1107,0.0287,0.5747,0.3258,IM
3,11.5257,4.3775,0.0369,0.2485,0.0296,0.7467,0.3344,BCC
3,10.0849,4.2025,0.0437,0.0802,0.0388,0.2597,0.132,BCC
1,14.6972,4.6573,0.0732,0.2817,0.0704,0.448,0.4751,IM
1,14.8548,4.6017,0.0384,0.2911,0.0815,0.3802,0.3557,BCC+FCC
1,14.2323,4.6585,0.0809,0.3499,0.073,0.4504,0.2609,IM
3,14.2323,4.6508,0.05,0.3076,0.0641,0.4075,0.3286,IM
3,13.1452,4.2489,0.0468,0.1538,0.0253,0.3591,0.2762,IM
3,13.2955,4.6556,0.0511,0.3642,0.0674,0.4014,0.2739,IM
1,5.8831,4.211,0.0126,0.1614,0.0672,0.1677,0.1822,BCC
1,13.011,4.6723,0.0529,0.3907,0.0726,0.4159,0.2618,BCC+FCC
2,11.9243,4.8444,0.0412,0.1909,0.0645,0.3047,0.3657,IM
3,13.2066,4.7571,0.0719,0.2422,0.0691,0.3635,0.2702,IM
3,10.9534,4.4407,0.0302,0.2791,0.0856,0.244,0.1822,IM
3,11.5257,4.42,0.0551,0.1579,0.0311,0.4842,0.4326,BCC
3,15.7618,4.6881,0.0472,0.2985,0.0637,0.4126,0.3813,BCC+FCC
3,9.1339,4.2933,0.0385,0.101,0.0077,0.4236,0.255,BCC
1,15.5993,4.6467,0.0605,0.246,0.0844,0.3312,0.3861,IM
1,14.6972,4.6782,0.0554,0.3373,0.0677,0.4479,0.3605,BCC
3,14.5338,4.7175,0.056,0.3309,0.0699,0.4259,0.3451,IM
3,12.7077,4.3765,0.0352,0.1704,0.0285,0.6552,0.3255,BCC
3,13.3809,4.68,0.0728,0.2487,0.0517,0.3012,0.2517,FCC
1,13.3809,4.39,0.0544,0.1481,0.0475,0.4931,0.4052,IM
3,12.5685,4.3657,0.0483,0.1653,0.0307,0.5684,0.2786,BCC
3,15.9242,4.6754,0.0489,0.3051,0.0645,0.4121,0.3807,IM
3,12.5108,4.619,0.1039,0.4333,0.0941,0.5972,0.4181,IM
1,10.4492,4.3635,0.0258,0.2435,0.0887,0.2614,0.2738,FCC
3,11.7465,4.5802,0.0392,0.3001,0.0576,0.3399,0.2754,IM
3,13.2542,4.3145,0.0404,0.1486,0.0386,0.7013,0.3637,BCC
4,10.5906,4.6575,0.0288,0.1407,0.0533,0.2826,0.3113,IM
1,14.8967,4.6217,0.0659,0.3526,0.0724,0.4664,0.4192,IM
1,14.5342,4.5475,0.0662,0.3996,0.0634,0.559,0.2958,IM
3,12.4462,4.226,0.0348,0.1055,0.0301,0.4455,0.2669,BCC
3,11.5257,4.7375,0.0432,0.2339,0.0736,0.2966,0.3127,FCC
3,12.6884,4.8149,0.0472,0.1752,0.0564,0.3936,0.4319,FCC
1,14.3353,4.6819,0.0505,0.341,0.0691,0.4483,0.3697,BCC
3,13.2283,4.4978,0.0593,0.4025,0.0697,0.2422,0.2601,IM
3,14.4228,4.5841,0.0565,0.3812,0.0663,0.4515,0.3016,IM
1,13.2539,4.7364,0.0729,0.211,0.0555,0.3238,0.3373,IM
3,11.0707,4.6712,0.0494,0.2661,0.0671,0.3136,0.3117,BCC
1,12.8124,4.6747,0.0353,0.2792,0.0654,0.3745,0.3457,BCC+FCC
1,14.5342,4.6225,0.0518,0.4041,0.0723,0.523,0.4041,BCC
1,14.8967,4.68,0.0469,0.3411,0.0646,0.448,0.3724,BCC+FCC
1,12.9758,4.6633,0.0527,0.2839,0.0644,0.451,0.459,IM
3,10.6859,4.8369,0.025,0.2086,0.0644,0.3318,0.3252,FCC
1,12.8253,4.4581,0.0438,0.3041,0.0271,0.4364,0.2664,BCC
3,11.7645,4.84,0.0389,0.1926,0.069,0.3015,0.3698,FCC
3,10.7941,4.586,0.0248,0.1418,0.0867,0.1298,0.2035,FCC
3,12.8584,4.7982,0.0431,0.2325,0.065,0.412,0.4508,BCC
1,15.8417,4.5712,0.0626,0.451,0.0668,0.5716,0.4176,BCC
3,11.5257,4.3025,0.0361,0.1951,0.0041,0.2879,0.2353,BCC
1,14.689,4.666,0.0646,0.3039,0.0711,0.4281,0.426,IM
3,11.5257,4.4625,0.0666,0.1744,0.0215,0.3943,0.2783,IM
1,14.4071,4.5913,0.0901,0.3535,0.0734,0.5061,0.3367,IM
3,9.1339,4.8833,0.0423,0.204,0.0569,0.3827,0.465,FCC
3,14.6101,4.6922,0.0578,0.3518,0.0692,0.4677,0.3761,IM
3,14.8967,4.6517,0.0614,0.3981,0.0699,0.464,0.3265,BCC+FCC
1,10.9149,4.3998,0.0292,0.0907,0.0352,0.4688,0.2695,BCC
2,11.5257,4.29,0.0555,0.1951,0.0068,0.4332,0.2528,IM
1,14.2129,4.688,0.0467,0.3344,0.0701,0.4516,0.3996,BCC+FCC
1,12.8852,4.7757,0.0787,0.3066,0.0743,0.5011,0.523,BCC+FCC
1,13.1452,4.7611,0.0618,0.1954,0.06,0.392,0.3712,IM
3,11.5257,4.6025,0.0809,0.5051,0.0753,0.5106,0.2655,FCC
3,11.5257,4.2025,0.0588,0.1768,0.0418,0.2104,0.2394,BCC
3,13.3809,4.406,0.0407,0.1439,0.0277,0.5773,0.4849,BCC
3,12.8276,4.1544,0.0425,0.1262,0.0422,0.2769,0.2221,BCC
1,14.5409,4.6107,0.0879,0.3534,0.0736,0.4912,0.3172,IM
3,13.2539,4.1818,0.0588,0.1709,0.0391,0.2436,0.2885,IM
1,14.221,4.2929,0.0549,0.3278,0.0359,0.513,0.3753,BCC+FCC
3,11.2961,4.4388,0.0329,0.3286,0.0829,0.3007,0.1944,IM
3,13.3809,4.346,0.0524,0.1265,0.0242,0.6881,0.3313,BCC
3,14.5334,4.631,0.0535,0.3405,0.0632,0.4736,0.3783,IM
3,13.357,4.727,0.0729,0.2439,0.0681,0.3789,0.2804,IM
3,13.2836,4.4611,0.0325,0.2467,0.0655,0.2925,0.2436,BCC
1,14.2216,4.7435,0.0422,0.2232,0.0579,0.3931,0.4068,IM
3,12.6477,4.2816,0.0329,0.1539,0.0392,0.7863,0.3856,BCC
3,13.1452,4.2256,0.0319,0.175,0.0599,0.7999,0.3997,BCC
3,14.6972,4.6182,0.0383,0.2071,0.0813,0.3126,0.3673,FCC
1,14.7411,4.7054,0.0757,0.2305,0.0619,0.3725,0.3845,IM
1,14.8707,4.7007,0.0534,0.2827,0.0615,0.4569,0.4428,IM
3,12.0169,4.8019,0.0341,0.2536,0.0682,0.3741,0.3431,IM
1,11.2387,4.3686,0.0377,0.1852,0.0338,0.5077,0.2429,IM
3,12.4921,4.6616,0.0364,0.2455,0.0787,0.244,0.2256,IM
1,12.8253,4.7521,0.0368,0.248,0.0653,0.373,0.3917,FCC
1,12.5596,4.4833,0.0329,0.289,0.0925,0.3176,0.316,FCC
1,11.5257,4.24,0.0477,0.1768,0.0262,0.2878,0.3115,IM
3,5.7628,5.075,0.0119,0.0526,0.0148,0.3463,0.3846,FCC
3,15.9085,4.6379,0.0636,0.3652,0.0651,0.526,0.4536,IM
1,14.8967,4.4767,0.0528,0.4032,0.0692,0.5655,0.447,IM
1,14.3281,4.7003,0.0435,0.324,0.0679,0.4307,0.3818,BCC+FCC
3,13.3448,4.1771,0.0571,0.1652,0.0397,0.2496,0.2846,IM
1,11.5257,4.3575,0.0458,0.2294,0.0324,0.5541,0.2265,IM
3,12.1979,4.7829,0.0364,0.1832,0.0607,0.3317,0.3917,FCC
3,13.1452,4.2289,0.0378,0.1825,0.0601,0.8499,0.4139,BCC
3,12.4921,4.6627,0.0378,0.239,0.0785,0.2483,0.2398,IM
1,9.5922,4.5143,0.0195,0.1142,0.0535,0.2492,0.2974,BCC+FCC
3,11.5257,4.195,0.0449,0.1111,0.0412,0.4325,0.226,BCC
3,13.2112,4.5617,0.1078,0.4364,0.0904,0.5663,0.3999,IM
1,12.6016,4.8091,0.041,0.2131,0.0681,0.3105,0.3621,IM
3,13.4679,4.8249,0.0442,0.2883,0.0709,0.4135,0.386,IM
1,13.1452,4.6933,0.0598,0.3621,0.075,0.4816,0.379,BCC+FCC
1,13.2539,4.6491,0.0467,0.3896,0.0724,0.4819,0.371,BCC+FCC
1,6.4197,4.2252,0.0141,0.1711,0.0704,0.1784,0.1933,BCC+FCC
3,13.3809,4.582,0.068,0.4427,0.0682,0.4786,0.2719,FCC
1,10.8339,4.5056,0.0439,0.5229,0.0707,0.5935,0.3195,FCC
3,15.5451,4.6535,0.0529,0.3696,0.0697,0.4943,0.4124,BCC
4,10.6573,4.8374,0.03,0.161,0.0551,0.4212,0.5109,IM
4,13.1452,4.7667,0.0492,0.196,0.0622,0.3226,0.3196,IM
3,12.4815,4.559,0.027,0.1511,0.0707,0.2967,0.3509,IM
2,9.1339,4.2267,0.0315,0.1088,0.0297,0.3352,0.141,BCC
3,15.5993,4.6133,0.0677,0.386,0.0653,0.5584,0.4725,IM
1,13.3809,4.366,0.0295,0.1789,0.0451,0.7747,0.4489,IM
3,14.677,4.5671,0.0568,0.3901,0.0658,0.4927,0.3387,IM
3,14.5338,4.705,0.0544,0.3241,0.0671,0.4649,0.3958,IM
3,14.8159,4.536,0.1186,0.4357,0.102,0.5422,0.3735,IM
4,10.1449,4.7905,0.0452,0.2404,0.0705,0.2528,0.271,FCC
1,13.3321,4.75,0.0722,0.2009,0.0593,0.4025,0.3602,IM
3,13.3809,4.296,0.0506,0.1559,0.0335,0.69,0.6103,IM
3,11.1836,4.2405,0.0367,0.1113,0.0267,0.5047,0.2708,BCC
1,12.6016,4.5473,0.0503,0.4381,0.0671,0.4919,0.2562,BCC
1,12.9664,4.7788,0.0328,0.2696,0.0659,0.3617,0.2994,FCC
3,13.2556,4.802,0.0475,0.3277,0.0707,0.4587,0.3952,BCC+FCC
3,13.3809,4.216,0.0592,0.1739,0.0507,0.7733,0.6456,IM
1,10.9707,4.8295,0.0458,0.3131,0.0669,0.4939,0.4919,BCC+FCC
1,10.7244,4.628,0.0485,0.3831,0.0679,0.4593,0.3891,BCC+FCC
1,10.6407,4.833,0.0511,0.3072,0.0742,0.3677,0.3329,BCC+FCC
1,10.3824,4.5305,0.044,0.3015,0.024,0.381,0.278,BCC+FCC
1,11.2532,4.6995,0.0421,0.3041,0.0672,0.3237,0.1441,BCC+FCC
4,11.0999,4.7725,0.0279,0.1575,0.058,0.3709,0.4457,FCC
3,10.3824,4.7,0.0297,0.1384,0.047,0.2958,0.2643,FCC
4,11.0999,4.75,0.0274,0.1303,0.051,0.304,0.2854,FCC
4,10.8536,4.6475,0.0261,0.1477,0.0589,0.3103,0.3782,FCC
3,10.3824,4.388,0.0363,0.1186,0.0359,0.4476,0.2593,BCC
4,10.2365,4.0775,0.0392,0.0538,0.0416,0.4022,0.2204,BCC
1,11.5758,4.563,0.0476,0.3028,0.0328,0.4134,0.3219,BCC+FCC
1,12.8408,4.6045,0.0409,0.3211,0.0495,0.4381,0.3688,BCC+FCC
1,12.9821,4.637,0.0473,0.3333,0.0518,0.4864,0.4276,BCC+FCC
1,13.1708,4.6145,0.0449,0.3301,0.0531,0.4885,0.4409,BCC+FCC
1,12.2933,4.662,0.051,0.3413,0.0537,0.5253,0.477,BCC+FCC
1,13.1708,4.6035,0.0432,0.3534,0.0553,0.4871,0.4132,BCC+FCC
1,13.1708,4.6185,0.0483,0.3676,0.0547,0.5049,0.4252,BCC+FCC
1,13.1708,4.5825,0.0519,0.4041,0.0539,0.5174,0.4018,BCC+FCC
1,13.1708,4.5925,0.0472,0.3888,0.0574,0.515,0.4169,BCC+FCC
1,12.047,4.5665,0.0426,0.3923,0.0595,0.5001,0.3829,BCC+FCC
1,11.9058,4.7745,0.0566,0.3458,0.0716,0.3993,0.3212,BCC+FCC
1,12.8408,4.777,0.0528,0.3377,0.0693,0.452,0.4078,BCC+FCC
1,12.5825,4.7095,0.0501,0.3336,0.0585,0.4947,0.4312,BCC+FCC
1,12.3696,4.8195,0.0414,0.3098,0.0633,0.477,0.4515,BCC+FCC
1,11.9058,4.737,0.0466,0.3263,0.0589,0.5164,0.4944,BCC+FCC
1,13.0871,4.6735,0.0585,0.3825,0.0632,0.5062,0.3994,BCC+FCC
1,12.8408,4.755,0.0551,0.3962,0.0747,0.4905,0.3831,BCC+FCC
1,12.3696,4.578,0.0516,0.3097,0.0625,0.4592,0.4344,BCC+FCC
1,12.2237,4.652,0.051,0.3416,0.0624,0.54,0.5125,BCC+FCC
3,11.4995,4.834,0.0261,0.1903,0.063,0.3367,0.3596,FCC
3,11.8937,4.8055,0.0318,0.2472,0.0688,0.331,0.3049,FCC
3,12.5108,4.758,0.031,0.25,0.0657,0.3904,0.3912,FCC
1,11.8937,4.6865,0.0495,0.4123,0.0799,0.4241,0.2508,BCC+FCC
1,12.5108,4.679,0.0485,0.4091,0.0783,0.4434,0.2863,BCC+FCC
1,12.5945,4.6465,0.0465,0.4045,0.0757,0.4432,0.2862,BCC+FCC
1,12.2933,4.729,0.0477,0.404,0.0788,0.4555,0.3131,BCC+FCC
1,12.5945,4.624,0.0437,0.3916,0.0697,0.493,0.3769,BCC+FCC
1,12.1233,4.8105,0.0509,0.305,0.072,0.4479,0.4557,BCC+FCC
1,12.6521,4.792,0.0531,0.3389,0.0746,0.4613,0.4345,BCC+FCC
4,11.9058,4.699,0.0305,0.2044,0.056,0.3071,0.2587,FCC
4,11.5758,4.7555,0.0299,0.2422,0.0681,0.3001,0.2414,FCC
4,12.1233,4.6555,0.0344,0.2584,0.0552,0.3354,0.2599,FCC
4,12.2933,4.7695,0.0339,0.2876,0.0703,0.3514,0.2714,FCC
1,12.8408,4.691,0.041,0.339,0.0698,0.3667,0.2177,BCC+FCC
4,11.7645,4.7065,0.0364,0.245,0.056,0.3167,0.3454,FCC
1,11.8937,4.8165,0.0556,0.3789,0.0742,0.4599,0.3474,BCC+FCC
1,11.9774,4.649,0.0447,0.3812,0.0751,0.4079,0.2416,BCC+FCC
1,11.3007,4.594,0.041,0.3635,0.0647,0.4392,0.3273,BCC+FCC
1,12.482,4.7165,0.0463,0.3799,0.0753,0.4491,0.3363,BCC+FCC
3,11.217,4.774,0.0331,0.2041,0.0682,0.2909,0.2874,FCC
3,11.4995,4.824,0.0338,0.2021,0.0659,0.328,0.3369,FCC
1,12.5945,4.5805,0.0452,0.3119,0.0469,0.3737,0.2894,BCC+FCC
1,12.3696,4.7495,0.0528,0.3379,0.0721,0.3666,0.2691,BCC+FCC
1,13.1708,4.652,0.0462,0.3358,0.0656,0.367,0.2645,BCC+FCC
1,13.2758,4.6595,0.0501,0.341,0.0651,0.384,0.2767,BCC+FCC
1,12.0108,4.646,0.0597,0.3793,0.0616,0.4581,0.2999,BCC+FCC
1,12.9458,4.681,0.0561,0.3795,0.0703,0.4197,0.2858,BCC+FCC
1,12.4412,4.6985,0.0548,0.3783,0.0739,0.3949,0.278,BCC+FCC
1,12.1233,4.525,0.0431,0.382,0.0523,0.4121,0.2465,BCC+FCC
1,12.047,4.503,0.0454,0.3179,0.0311,0.3917,0.3004,BCC+FCC
1,11.5758,4.6855,0.0519,0.313,0.0866,0.3018,0.2534,BCC+FCC
1,12.6521,4.622,0.0448,0.3288,0.0795,0.3237,0.2447,BCC+FCC
1,12.482,4.631,0.0445,0.3518,0.077,0.3521,0.2386,BCC+FCC
1,11.9058,4.685,0.05,0.3894,0.084,0.3807,0.2361,BCC+FCC
1,12.482,4.6725,0.0508,0.3708,0.0718,0.384,0.1825,BCC+FCC
1,12.5945,4.6905,0.0478,0.2993,0.0691,0.3061,0.1588,BCC+FCC
1,11.5758,4.7145,0.0442,0.3274,0.078,0.2968,0.135,BCC+FCC
3,11.7645,4.192,0.0403,0.1296,0.0406,0.3668,0.2059,BCC
3,11.9774,4.8025,0.0242,0.1344,0.0585,0.3067,0.3405,FCC
1,12.8408,4.795,0.0302,0.167,0.057,0.3666,0.4181,FCC
4,11.6353,4.925,0.0248,0.1447,0.049,0.3818,0.4253,FCC
1,11.5758,4.8865,0.0319,0.1816,0.0575,0.4049,0.4623,FCC
3,11.6353,4.8925,0.0342,0.1816,0.059,0.3714,0.4422,FCC
2,11.8937,4.715,0.0351,0.156,0.049,0.3477,0.2878,FCC
2,12.5657,4.8075,0.0328,0.156,0.0589,0.3139,0.3174,FCC
2,11.7645,4.835,0.0294,0.1434,0.0572,0.3381,0.3781,FCC
2,11.7645,4.785,0.0307,0.1542,0.0543,0.3366,0.3742,FCC
4,12.6521,4.795,0.0353,0.1891,0.0619,0.2959,0.2537,FCC
4,11.217,4.8575,0.0258,0.1449,0.0632,0.2571,0.2731,FCC
3,12.8408,4.715,0.0352,0.1951,0.0588,0.2997,0.2891,FCC
3,11.8937,4.785,0.0252,0.1485,0.06,0.3044,0.3319,FCC
3,12.2525,4.855,0.0358,0.202,0.064,0.3249,0.3365,FCC
3,12.6875,4.79,0.0358,0.2027,0.0647,0.3224,0.346,FCC
3,11.5758,4.8725,0.0346,0.1961,0.0633,0.3314,0.3552,FCC
4,11.8937,4.5825,0.0265,0.1431,0.0893,0.2785,0.3992,FCC
2,12.5945,4.7275,0.028,0.1485,0.0875,0.2926,0.3968,FCC
3,11.217,4.6925,0.0235,0.1344,0.057,0.3093,0.3573,FCC
4,11.217,4.5975,0.0348,0.2051,0.0625,0.3042,0.3676,FCC
3,11.217,4.65,0.0279,0.167,0.0557,0.3103,0.3623,FCC
4,11.4299,4.8475,0.04,0.1546,0.0626,0.3116,0.3112,FCC
4,11.4299,4.7975,0.0286,0.1228,0.0661,0.3119,0.3395,FCC
3,11.2766,4.7975,0.0267,0.1458,0.072,0.2407,0.2881,FCC
4,12.2933,4.73,0.0325,0.1913,0.0734,0.2986,0.3562,FCC
3,11.2766,4.165,0.0384,0.2244,0.0618,0.3951,0.2202,BCC
4,11.8937,4.525,0.0306,0.175,0.0809,0.1648,0.1937,FCC
4,12.0349,4.107,0.0393,0.1262,0.0454,0.6597,0.4912,BCC
3,10.9586,4.1625,0.0424,0.1185,0.0477,0.4537,0.3718,BCC
2,11.7645,4.09,0.0393,0.3281,0.05,0.4174,0.2321,BCC
4,11.217,4.1015,0.0395,0.2049,0.0482,0.4077,0.2703,BCC
3,11.9774,4.1025,0.0349,0.2023,0.0455,0.4775,0.3018,BCC
3,11.6353,4.1705,0.0383,0.1268,0.0504,0.5306,0.2397,BCC
3,11.217,4.201,0.0386,0.1296,0.0493,0.5462,0.226,BCC
4,12.377,4.165,0.0399,0.1316,0.0503,0.6449,0.2625,BCC
4,12.482,4.2285,0.0447,0.1111,0.0279,0.4229,0.2625,BCC
3,11.4299,4.0975,0.0391,0.0732,0.0417,0.4105,0.2194,BCC
3,11.9774,4.1,0.0414,0.086,0.0437,0.4693,0.2385,BCC
2,11.4299,4.133,0.0458,0.0732,0.0428,0.4095,0.2132,BCC
3,11.3007,4.1815,0.0448,0.1111,0.033,0.3866,0.2587,BCC
4,12.5825,4.1555,0.0393,0.1113,0.0381,0.3649,0.2277,BCC
3,12.2933,4.1035,0.0424,0.0952,0.0413,0.5253,0.2773,BCC
2,13.2758,4.14,0.0408,0.1093,0.04,0.4217,0.2463,BCC
4,12.482,4.1425,0.0413,0.1111,0.039,0.3881,0.2428,BCC
4,13.0295,4.1825,0.047,0.0975,0.0379,0.3606,0.2167,BCC
3,11.8937,4.1875,0.0371,0.1065,0.0316,0.4211,0.2726,BCC
4,11.4299,4.2025,0.0421,0.1026,0.0314,0.3683,0.2499,BCC
4,12.4291,4.774,0.033,0.2153,0.0667,0.2767,0.2681,FCC
3,12.9458,4.709,0.03,0.2093,0.0583,0.334,0.321,FCC
3,13.5221,4.749,0.0315,0.2122,0.0593,0.3457,0.3246,FCC
2,12.47,4.6665,0.0336,0.2211,0.0491,0.3617,0.335,FCC
3,13.1634,4.8715,0.0324,0.2166,0.0605,0.3572,0.349,FCC
4,13.6225,4.709,0.0329,0.2217,0.0583,0.3561,0.3496,FCC
3,13.8809,4.799,0.0367,0.2294,0.0632,0.3583,0.3648,FCC
4,13.1587,4.864,0.0284,0.2022,0.0595,0.3539,0.3434,FCC
3,13.9646,4.759,0.0348,0.2271,0.0611,0.3803,0.3939,FCC
3,12.3696,4.9065,0.0299,0.2083,0.0585,0.3708,0.3929,FCC
1,13.8401,4.678,0.0511,0.3061,0.0563,0.4377,0.3671,BCC+FCC
1,14.0984,4.688,0.0414,0.281,0.0558,0.4199,0.3699,BCC+FCC
3,13.0463,4.7005,0.0299,0.2531,0.0613,0.4022,0.3974,FCC
1,13.3763,4.7345,0.043,0.3145,0.0716,0.349,0.2524,BCC+FCC
1,13.6225,4.7495,0.0505,0.3302,0.0698,0.3941,0.2961,BCC+FCC
1,13.3763,4.732,0.0442,0.3124,0.0641,0.399,0.2781,BCC+FCC
1,13.9934,4.627,0.0463,0.3272,0.0552,0.4179,0.3167,BCC+FCC
1,12.6995,4.6095,0.0589,0.3604,0.0487,0.4975,0.3965,BCC+FCC
1,13.9813,4.792,0.0448,0.3152,0.0694,0.404,0.3266,BCC+FCC
1,14.5697,4.6695,0.0516,0.3454,0.062,0.4613,0.3921,BCC+FCC
1,13.8809,4.777,0.0494,0.3292,0.0693,0.4413,0.3936,BCC+FCC
1,14.8159,4.687,0.0463,0.3309,0.0637,0.4556,0.3997,BCC+FCC
1,14.4284,4.662,0.0507,0.3435,0.0598,0.4823,0.4221,BCC+FCC
1,13.2638,4.7045,0.0503,0.3386,0.0676,0.4492,0.4113,BCC+FCC
1,13.9934,4.697,0.047,0.3284,0.0631,0.4946,0.4639,BCC+FCC
1,13.2638,4.7795,0.0457,0.3184,0.0669,0.4877,0.4712,BCC+FCC
1,14.5697,4.691,0.0497,0.3647,0.0698,0.4341,0.3253,BCC+FCC
1,13.4813,4.741,0.051,0.3639,0.0748,0.4167,0.3268,BCC+FCC
1,13.8809,4.676,0.0394,0.3411,0.0686,0.4007,0.2927,BCC+FCC
1,14.0696,4.626,0.0466,0.3609,0.0574,0.4647,0.3701,BCC+FCC
1,13.5221,4.6685,0.0421,0.3464,0.0613,0.4431,0.3747,BCC+FCC
1,14.2397,4.686,0.0451,0.3515,0.0656,0.4937,0.4342,BCC+FCC
1,12.3408,4.826,0.0413,0.3339,0.0688,0.4575,0.4046,BCC+FCC
1,12.6995,4.745,0.0497,0.3838,0.0777,0.3988,0.2257,BCC+FCC
1,13.9646,4.6225,0.0478,0.3924,0.0675,0.4296,0.271,BCC+FCC
1,13.7759,4.68,0.0521,0.3972,0.0744,0.4332,0.2887,BCC+FCC
1,13.1708,4.5725,0.0491,0.3953,0.0534,0.438,0.2833,BCC+FCC
1,14.1821,4.6725,0.0479,0.3878,0.0726,0.4362,0.297,BCC+FCC
1,13.0175,4.7875,0.0494,0.3806,0.0752,0.4447,0.3158,BCC+FCC
1,14.3234,4.65,0.0483,0.3869,0.0668,0.5062,0.4108,BCC+FCC
1,13.8809,4.6145,0.0492,0.3217,0.0484,0.4802,0.4246,BCC+FCC
1,13.1708,4.6395,0.0436,0.3013,0.051,0.4267,0.3806,BCC+FCC
1,13.6225,4.6475,0.0496,0.3516,0.0606,0.4803,0.4341,BCC+FCC
1,13.9813,4.6475,0.0527,0.3589,0.0606,0.524,0.4784,BCC+FCC
1,14.0696,4.5775,0.0493,0.3784,0.0533,0.4908,0.3922,BCC+FCC
1,13.7183,4.5765,0.0484,0.394,0.0588,0.5149,0.4107,BCC+FCC
1,13.9646,4.623,0.0416,0.2993,0.0524,0.4475,0.4206,BCC+FCC
1,14.2397,4.562,0.0449,0.3318,0.0535,0.4475,0.392,BCC+FCC
1,13.6225,4.6195,0.0471,0.33,0.0641,0.4628,0.4436,BCC+FCC
1,13.9646,4.5935,0.0454,0.3607,0.0571,0.468,0.3942,BCC+FCC
1,13.1634,4.6435,0.0473,0.3545,0.0661,0.4915,0.4609,BCC+FCC
2,11.0757,4.6765,0.0225,0.1872,0.0606,0.3783,0.4319,FCC
1,11.7524,4.5355,0.0412,0.2837,0.0394,0.3531,0.2704,BCC+FCC
1,14.0696,4.588,0.0404,0.294,0.0532,0.4365,0.4045,BCC+FCC
1,13.7183,4.6205,0.0478,0.3093,0.0558,0.484,0.4565,BCC+FCC
1,13.9934,4.5855,0.0449,0.3026,0.0615,0.4659,0.4455,BCC+FCC
1,14.0221,4.552,0.0484,0.3476,0.0513,0.4715,0.3992,BCC+FCC
1,13.6225,4.6335,0.0463,0.3563,0.065,0.5156,0.4756,BCC+FCC
1,13.9646,4.4975,0.0454,0.3925,0.049,0.4806,0.3503,BCC+FCC
1,14.2109,4.53,0.0485,0.3987,0.0546,0.4931,0.3752,BCC+FCC
1,12.6995,4.8285,0.0487,0.3298,0.0679,0.4989,0.468,BCC+FCC
1,13.4813,4.79,0.0564,0.3773,0.0744,0.4786,0.3784,BCC+FCC
1,14.2397,4.7605,0.0528,0.3154,0.0677,0.4632,0.4478,BCC+FCC
1,13.7759,4.742,0.0503,0.3361,0.0649,0.4668,0.417,BCC+FCC
1,13.0175,4.791,0.0508,0.3586,0.0727,0.483,0.4291,BCC+FCC
1,13.5221,4.602,0.0565,0.3477,0.0649,0.4596,0.3751,BCC+FCC
1,13.3763,4.6745,0.0462,0.3228,0.0752,0.5012,0.4901,BCC+FCC
1,14.2109,4.7035,0.0549,0.371,0.0748,0.4652,0.3726,BCC+FCC
1,13.6346,4.671,0.0523,0.366,0.0677,0.4785,0.4115,BCC+FCC
1,13.6346,4.6135,0.0463,0.3606,0.0747,0.5025,0.4428,BCC+FCC
1,13.3763,4.8135,0.0467,0.3068,0.0719,0.4317,0.384,BCC+FCC
1,13.5221,4.7475,0.0512,0.3422,0.0706,0.524,0.4901,BCC+FCC
1,13.9646,4.685,0.047,0.3593,0.0739,0.4384,0.3412,BCC+FCC
1,13.0871,4.7925,0.0514,0.3639,0.0745,0.4902,0.4209,BCC+FCC
1,13.1708,4.6265,0.0449,0.3749,0.0691,0.4745,0.3684,BCC+FCC
1,13.1708,4.749,0.0509,0.3898,0.0766,0.4878,0.3847,BCC+FCC
1,12.6233,4.619,0.044,0.3701,0.0669,0.4845,0.3926,BCC+FCC
1,12.47,4.633,0.0478,0.4043,0.0706,0.5109,0.4108,BCC+FCC
1,14.0984,4.603,0.0459,0.2984,0.0668,0.3924,0.3684,BCC+FCC
1,13.5938,4.8105,0.0459,0.2936,0.0728,0.3929,0.3786,BCC+FCC
1,13.7638,4.5595,0.0449,0.3273,0.0642,0.3722,0.2914,BCC+FCC
1,13.3046,4.792,0.0486,0.3287,0.0754,0.3901,0.3393,BCC+FCC
1,13.9934,4.637,0.0422,0.3124,0.0672,0.4226,0.3834,BCC+FCC
1,13.4171,4.7695,0.0491,0.328,0.0718,0.4661,0.4457,BCC+FCC
1,13.1634,4.781,0.0499,0.3589,0.078,0.4093,0.3196,BCC+FCC
1,13.1634,4.7435,0.0457,0.3449,0.0717,0.4875,0.4515,BCC+FCC
1,13.6346,4.718,0.0432,0.2804,0.0772,0.4309,0.445,BCC+FCC
1,13.4171,4.6235,0.0414,0.3419,0.0751,0.3674,0.2647,BCC+FCC
1,14.0696,4.616,0.0423,0.343,0.0731,0.4012,0.3154,BCC+FCC
1,13.2638,4.6335,0.0446,0.3533,0.0726,0.4687,0.4057,BCC+FCC
1,12.8046,4.766,0.0434,0.3363,0.0761,0.4821,0.4592,BCC+FCC
2,14.0696,4.488,0.0827,0.3306,0.0833,0.5503,0.4774,IM
3,14.0984,4.523,0.0729,0.3333,0.0814,0.5743,0.5338,IM
1,12.6995,4.7905,0.049,0.2996,0.0781,0.413,0.434,BCC+FCC
1,13.7759,4.6645,0.0465,0.327,0.0792,0.4786,0.4634,BCC+FCC
2,13.4171,4.4955,0.0965,0.3383,0.0918,0.6406,0.5451,IM
3,13.9646,4.463,0.0926,0.3469,0.0896,0.6303,0.4816,IM
3,13.3763,4.5655,0.0943,0.3424,0.0861,0.6437,0.4909,IM
1,13.0175,4.764,0.0344,0.2027,0.0603,0.3541,0.3035,FCC
3,12.8287,4.7315,0.0343,0.206,0.0559,0.3818,0.3313,FCC
1,12.6995,4.6895,0.0455,0.2773,0.0531,0.3649,0.3198,BCC+FCC
1,13.5938,4.8285,0.0469,0.306,0.0694,0.416,0.3329,BCC+FCC
1,13.8401,4.781,0.0446,0.3037,0.0671,0.4253,0.3706,BCC+FCC
1,13.3763,4.6525,0.0466,0.3487,0.0704,0.3904,0.2471,BCC+FCC
1,13.7759,4.639,0.053,0.3632,0.0649,0.4552,0.3767,BCC+FCC
1,13.6346,4.675,0.0438,0.3606,0.072,0.3959,0.2463,BCC+FCC
1,13.1708,4.609,0.0453,0.3869,0.0642,0.4379,0.3228,BCC+FCC
3,12.3696,4.904,0.0276,0.2079,0.0603,0.3372,0.3156,FCC
3,12.3408,4.8165,0.0275,0.2042,0.0622,0.3515,0.3669,FCC
1,14.3809,4.643,0.0433,0.3068,0.0663,0.3352,0.263,BCC+FCC
1,14.0696,4.708,0.0487,0.3131,0.0755,0.3419,0.2821,BCC+FCC
4,13.6346,4.7455,0.0356,0.2658,0.0681,0.3357,0.2792,FCC
1,14.5697,4.668,0.0445,0.3062,0.0675,0.3444,0.2844,BCC+FCC
1,13.8401,4.703,0.0424,0.2966,0.0678,0.3568,0.3389,BCC+FCC
4,12.6995,4.7065,0.0262,0.1939,0.0658,0.3116,0.3247,FCC
1,13.0871,4.642,0.043,0.2866,0.0556,0.3891,0.366,BCC+FCC
1,12.8287,4.6595,0.0414,0.2795,0.0579,0.3944,0.3839,BCC+FCC
1,11.7524,4.649,0.0265,0.2098,0.0608,0.3387,0.3811,FCC
1,13.5938,4.7735,0.0494,0.3111,0.0796,0.4216,0.4238,BCC+FCC
1,13.4813,4.7545,0.0439,0.2967,0.0721,0.3951,0.362,BCC+FCC
1,12.3696,4.8445,0.0473,0.301,0.071,0.4028,0.3613,BCC+FCC
1,13.6225,4.645,0.0483,0.3431,0.0724,0.4084,0.3034,BCC+FCC
1,13.9813,4.7025,0.0546,0.3557,0.0749,0.4345,0.3678,BCC+FCC
1,12.6995,4.6725,0.0477,0.3333,0.0689,0.4373,0.395,BCC+FCC
1,13.4171,4.7385,0.0461,0.2856,0.0774,0.3981,0.3647,BCC+FCC
1,13.8809,4.6625,0.0481,0.319,0.0759,0.424,0.3677,BCC+FCC
4,13.6346,4.514,0.0324,0.2235,0.0848,0.2837,0.351,FCC
4,13.6346,4.534,0.0318,0.2217,0.0818,0.2847,0.3446,FCC
2,14.3234,4.581,0.0804,0.3179,0.0586,0.5871,0.3789,IM
3,14.2109,4.4985,0.0895,0.3274,0.0748,0.6095,0.38,IM
3,13.9934,4.611,0.0965,0.3753,0.0892,0.646,0.3739,IM
2,14.6747,4.5455,0.0931,0.3834,0.0974,0.5778,0.3099,IM
4,14.3159,4.5765,0.0845,0.3619,0.0875,0.6086,0.3791,IM
3,13.7759,4.498,0.066,0.3677,0.0788,0.5738,0.3018,IM
4,13.7759,4.498,0.0671,0.3387,0.0727,0.6158,0.341,IM
3,14.4284,4.568,0.0833,0.376,0.0858,0.649,0.3896,IM
3,13.7759,4.5245,0.0905,0.3525,0.0836,0.6672,0.3695,IM
4,13.9646,4.4695,0.0831,0.3559,0.0862,0.6568,0.3374,IM
2,14.4284,4.4785,0.0643,0.3453,0.07,0.6948,0.3796,IM
2,13.8401,4.52,0.0649,0.3508,0.0654,0.6741,0.369,IM
2,13.7759,4.523,0.0849,0.3435,0.0838,0.6244,0.339,IM
3,14.3234,4.4705,0.0861,0.3559,0.0841,0.7105,0.3987,IM
1,13.4171,4.673,0.0463,0.2764,0.062,0.3436,0.2817,BCC+FCC
1,13.0871,4.6945,0.046,0.2998,0.0673,0.3469,0.2312,BCC+FCC
1,14.0984,4.686,0.0552,0.3379,0.0689,0.4083,0.2989,BCC+FCC
1,12.8287,4.6685,0.0429,0.3329,0.0708,0.3547,0.2198,BCC+FCC
1,13.2638,4.6,0.0468,0.3734,0.0649,0.3996,0.2326,BCC+FCC
1,13.4813,4.69,0.0528,0.38,0.0754,0.4063,0.2579,BCC+FCC
1,13.4459,4.6115,0.0486,0.2812,0.0549,0.337,0.2626,BCC+FCC
1,13.3046,4.5695,0.0423,0.3294,0.0579,0.3537,0.2468,BCC+FCC
1,13.5221,4.671,0.0519,0.3699,0.0722,0.3802,0.2092,BCC+FCC
1,13.0175,4.681,0.048,0.3639,0.0764,0.3608,0.2215,BCC+FCC
1,13.8809,4.5855,0.0427,0.3016,0.0591,0.3469,0.2689,BCC+FCC
1,13.6346,4.6705,0.0536,0.3106,0.0754,0.3644,0.2901,BCC+FCC
1,14.2397,4.5805,0.0516,0.3147,0.0635,0.381,0.2973,BCC+FCC
1,12.9171,4.713,0.0518,0.3087,0.0813,0.3167,0.2638,BCC+FCC
1,14.3234,4.623,0.0482,0.3101,0.0733,0.3374,0.2713,BCC+FCC
1,13.7759,4.6005,0.0529,0.3206,0.0587,0.3914,0.3061,BCC+FCC
1,13.8809,4.6105,0.0476,0.313,0.0645,0.3432,0.2759,BCC+FCC
1,13.1634,4.6835,0.0505,0.3639,0.086,0.3606,0.2456,BCC+FCC
1,14.3159,4.5635,0.0507,0.3784,0.0626,0.4202,0.2864,BCC+FCC
1,13.0175,4.478,0.0437,0.2912,0.0353,0.3733,0.3088,BCC+FCC
1,12.6995,4.2665,0.0283,0.3759,0.0269,0.5475,0.3692,BCC+FCC
1,12.3696,4.7345,0.0454,0.3015,0.0745,0.3092,0.1769,BCC+FCC
1,12.6995,4.6445,0.0425,0.3047,0.0669,0.3201,0.188,BCC+FCC
1,13.3763,4.691,0.0497,0.3194,0.077,0.3538,0.2359,BCC+FCC
1,12.3696,4.617,0.0421,0.2758,0.08,0.2896,0.2369,BCC+FCC
1,13.2283,4.8725,0.0333,0.1517,0.0531,0.374,0.3678,FCC
3,13.4171,4.769,0.0326,0.1888,0.0591,0.3617,0.3713,FCC
4,12.6233,4.81,0.0335,0.1589,0.0616,0.3333,0.3804,FCC
3,13.0871,4.8425,0.0378,0.1747,0.0611,0.3556,0.4095,FCC
4,11.7524,4.9325,0.0311,0.1556,0.0517,0.3771,0.4203,FCC
4,13.7759,4.75,0.0356,0.1908,0.0617,0.3105,0.3246,FCC
4,13.6225,4.7175,0.0347,0.1909,0.06,0.3103,0.3244,FCC
3,13.1587,4.865,0.029,0.1667,0.059,0.3302,0.3476,FCC
3,13.6058,4.8075,0.0302,0.1734,0.0589,0.3395,0.3528,FCC
1,12.6995,4.89,0.0364,0.1943,0.0591,0.3577,0.4005,FCC
3,12.152,4.9225,0.0271,0.1599,0.0541,0.3481,0.3684,FCC
4,13.0871,4.55,0.0317,0.1747,0.0836,0.2011,0.2424,FCC
3,12.6995,4.7175,0.0252,0.1412,0.0632,0.3056,0.3534,FCC
3,12.6995,4.66,0.028,0.1632,0.0565,0.3411,0.3831,FCC
1,12.6995,4.6775,0.0259,0.1575,0.0614,0.3277,0.3833,FCC
4,13.7759,4.5175,0.1078,0.3216,0.0905,0.5982,0.506,IM
2,13.6346,4.5075,0.0972,0.3463,0.0786,0.6942,0.6065,IM
3,12.152,4.6425,0.0325,0.1734,0.0562,0.3503,0.4062,FCC
1,13.8809,4.6165,0.0325,0.1927,0.0816,0.2958,0.3403,FCC
2,13.4171,4.595,0.082,0.2729,0.0778,0.5842,0.5365,IM
1,11.7524,4.9075,0.0388,0.1784,0.0597,0.3668,0.4227,FCC
1,13.9646,4.6025,0.0355,0.1957,0.0875,0.2442,0.2937,FCC
4,12.6995,4.3975,0.0328,0.2119,0.0795,0.2854,0.3688,FCC
1,13.9646,4.6375,0.034,0.1943,0.0863,0.2535,0.3195,FCC
4,12.3408,4.4625,0.0286,0.1792,0.0826,0.3259,0.3614,FCC
1,13.9646,4.58,0.0323,0.1773,0.0818,0.3262,0.3955,FCC
4,14.0696,4.491,0.0911,0.3343,0.084,0.6667,0.4739,IM
3,14.3809,4.5495,0.0913,0.3083,0.08,0.6073,0.5074,IM
2,13.9813,4.578,0.0872,0.293,0.0815,0.581,0.5367,IM
2,13.3046,4.5995,0.0962,0.314,0.0842,0.6354,0.4965,IM
1,12.6995,4.6245,0.0449,0.2419,0.0707,0.4519,0.5148,BCC+FCC
2,13.3809,4.565,0.1021,0.2931,0.0909,0.6482,0.5102,IM
2,13.5221,4.615,0.0832,0.2589,0.0778,0.5941,0.49,IM
3,14.3234,4.5705,0.1084,0.3567,0.1015,0.6113,0.4857,IM
3,14.3234,4.5745,0.0667,0.3353,0.0834,0.569,0.5585,IM
2,14.0984,4.508,0.0982,0.321,0.0882,0.6196,0.4973,IM
3,13.0871,4.7765,0.0327,0.1944,0.0624,0.3434,0.3517,FCC
3,12.47,4.694,0.0339,0.2044,0.0549,0.3471,0.3554,FCC
4,11.0757,4.949,0.0285,0.1826,0.0542,0.365,0.3696,FCC
1,13.3763,4.6595,0.0398,0.2466,0.0658,0.3953,0.3969,BCC+FCC
1,14.2397,4.737,0.048,0.2579,0.0752,0.4066,0.4314,BCC+FCC
2,11.7524,4.7175,0.0282,0.1417,0.0648,0.3171,0.3881,FCC
4,12.152,4.5,0.0253,0.1688,0.0792,0.1675,0.2289,FCC
3,12.6995,4.64,0.0309,0.1889,0.0607,0.2978,0.3394,FCC
1,13.9646,4.67,0.0353,0.1885,0.0791,0.3008,0.3849,FCC
4,12.6233,4.7425,0.0331,0.1725,0.091,0.291,0.3991,FCC
4,12.6233,4.56,0.0267,0.1605,0.0831,0.2857,0.4042,FCC
3,12.3696,4.6575,0.0284,0.1787,0.0628,0.305,0.3611,FCC
3,13.0175,4.79,0.0259,0.1528,0.0661,0.317,0.3742,FCC
2,14.6747,4.486,0.0985,0.3567,0.071,0.6118,0.3782,IM
4,14.4284,4.5145,0.107,0.3625,0.0837,0.6442,0.3854,IM
3,13.1634,4.6075,0.1252,0.2996,0.0878,0.6914,0.4062,IM
3,13.4459,4.5425,0.1125,0.3389,0.0816,0.712,0.4694,IM
3,11.0757,4.6675,0.03,0.1618,0.0625,0.3296,0.4151,FCC
3,13.9646,4.585,0.0997,0.3815,0.0878,0.6782,0.395,IM
3,13.6346,4.5735,0.0994,0.3689,0.0777,0.7049,0.404,IM
3,14.0696,4.5025,0.1008,0.3813,0.0935,0.5745,0.3676,IM
4,14.8159,4.5685,0.0987,0.3471,0.087,0.5815,0.3766,IM
2,14.6747,4.5995,0.109,0.3547,0.0978,0.5769,0.3788,IM
4,14.6747,4.561,0.0974,0.3402,0.085,0.6029,0.3942,IM
3,14.5697,4.592,0.1078,0.3494,0.0962,0.5957,0.3931,IM
3,14.2397,4.5845,0.1066,0.3436,0.0946,0.6137,0.4046,IM
3,14.2397,4.6195,0.1023,0.327,0.0875,0.6043,0.4044,IM
4,14.0221,4.587,0.0998,0.3175,0.0841,0.6044,0.4093,IM
3,14.3234,4.5625,0.0856,0.3623,0.0774,0.6486,0.4224,IM
2,14.3234,4.62,0.1113,0.2591,0.0827,0.5248,0.3467,IM
1,13.4171,4.684,0.0327,0.1951,0.0825,0.2896,0.3443,FCC
2,14.0984,4.58,0.1201,0.2966,0.0944,0.604,0.397,IM
2,14.0221,4.552,0.1004,0.3062,0.0799,0.6423,0.4193,IM
4,13.6225,4.5695,0.0989,0.3193,0.0833,0.6435,0.4172,IM
2,13.8401,4.563,0.1064,0.3092,0.0845,0.5889,0.394,IM
2,13.6225,4.598,0.0976,0.2999,0.0742,0.6251,0.4508,IM
2,14.4284,4.4675,0.0771,0.3343,0.0763,0.668,0.3953,IM
3,14.3234,4.4925,0.0894,0.3498,0.0795,0.6982,0.4491,IM
2,13.9646,4.4665,0.1086,0.3183,0.0886,0.6058,0.421,IM
3,13.3046,4.59,0.1155,0.2782,0.0851,0.6495,0.4219,IM
2,13.3763,4.6125,0.0989,0.2508,0.0693,0.5812,0.4394,IM
2,13.9813,4.565,0.1072,0.2473,0.0863,0.5766,0.4294,IM
2,13.4813,4.56,0.106,0.2889,0.0822,0.5927,0.4702,IM
3,13.9646,4.57,0.082,0.3646,0.0787,0.7176,0.4441,IM
4,13.9646,4.601,0.0914,0.3542,0.0802,0.6791,0.4362,IM
2,14.2109,4.5885,0.093,0.3619,0.0898,0.6303,0.3801,IM
3,14.6747,4.6145,0.097,0.3598,0.0934,0.5881,0.3611,IM
3,14.0984,4.578,0.0996,0.3468,0.0957,0.6205,0.3725,IM
2,14.2397,4.598,0.0927,0.3372,0.0903,0.6004,0.3664,IM
3,14.4284,4.597,0.0911,0.3815,0.0902,0.6288,0.4021,IM
2,14.6747,4.6005,0.0842,0.3563,0.0856,0.5903,0.3766,IM
3,14.5697,4.6095,0.0865,0.3525,0.0819,0.6399,0.4113,IM
4,14.2109,4.61,0.0966,0.3342,0.0882,0.5864,0.395,IM
4,13.6058,4.1765,0.0398,0.234,0.0598,0.4445,0.2536,BCC
4,13.3763,4.2405,0.0421,0.2189,0.0537,0.4042,0.2447,BCC
1,13.5938,4.5455,0.0445,0.2624,0.056,0.353,0.3123,BCC+FCC
4,12.8287,4.1055,0.0416,0.1295,0.045,0.6423,0.4834,BCC
3,13.0871,4.1375,0.0418,0.1296,0.046,0.5392,0.4297,BCC
4,12.6995,4.17,0.0392,0.1231,0.0446,0.5016,0.418,BCC
2,14.2109,4.49,0.1014,0.3997,0.0908,0.5903,0.3458,IM
3,14.5697,4.465,0.1028,0.4085,0.0853,0.6042,0.3451,IM
1,13.0175,4.6205,0.0472,0.2575,0.0644,0.3167,0.2534,BCC+FCC
3,14.5697,4.5345,0.1178,0.4157,0.096,0.5766,0.3119,IM
3,14.4284,4.576,0.1009,0.409,0.083,0.6266,0.378,IM
4,14.6747,4.5095,0.0886,0.4027,0.0873,0.5599,0.2853,IM
4,12.3408,4.1115,0.0444,0.3351,0.0569,0.6388,0.278,BCC
3,12.152,4.175,0.0424,0.3088,0.0548,0.5436,0.2519,BCC
3,13.0871,4.119,0.0413,0.3281,0.0488,0.4412,0.25,BCC
3,14.3234,4.465,0.0906,0.3664,0.0799,0.6011,0.385,IM
4,13.1587,4.209,0.0442,0.1129,0.0455,0.4706,0.2272,BCC
3,13.1587,4.374,0.0405,0.1186,0.0426,0.4764,0.2557,BCC
4,13.6225,4.137,0.0375,0.1325,0.0505,0.6313,0.2818,BCC
3,13.4813,4.151,0.042,0.1325,0.0511,0.6248,0.2745,BCC
3,13.4171,4.1625,0.0419,0.1316,0.05,0.6551,0.2804,BCC
3,13.5221,4.151,0.0421,0.1316,0.0499,0.6498,0.2767,BCC
4,13.9646,4.22,0.0443,0.1325,0.041,0.648,0.3052,BCC
4,12.6995,4.39,0.0373,0.1222,0.0495,0.511,0.2627,BCC
4,12.8287,4.1675,0.0411,0.1231,0.0488,0.5177,0.2439,BCC
3,12.4291,4.1505,0.0382,0.1315,0.05,0.7196,0.2698,BCC
4,13.4171,4.109,0.044,0.1113,0.0405,0.4777,0.2668,BCC
4,13.4813,4.169,0.043,0.1111,0.0348,0.4472,0.2772,BCC
4,14.2109,4.1515,0.0422,0.1111,0.0388,0.4395,0.2594,BCC
2,13.8809,4.1565,0.0354,0.1111,0.0363,0.4744,0.2816,BCC
4,13.0871,4.154,0.0425,0.1065,0.0421,0.392,0.2129,BCC
4,12.6995,4.1765,0.0348,0.1111,0.0322,0.4608,0.2833,BCC
2,13.5008,4.1515,0.0344,0.1093,0.0403,0.4311,0.245,BCC
3,13.7759,4.1565,0.0389,0.1093,0.0411,0.3972,0.2272,BCC
3,13.8809,4.214,0.0434,0.0975,0.0323,0.3786,0.2406,BCC
4,14.2397,4.1355,0.0439,0.1118,0.0425,0.446,0.2435,BCC
4,14.4284,4.1555,0.044,0.1118,0.0396,0.4303,0.2516,BCC
3,13.9646,4.1555,0.0374,0.1111,0.041,0.4367,0.2428,BCC
3,13.6346,4.2155,0.0436,0.1065,0.0308,0.4068,0.258,BCC
3,14.2397,4.1955,0.0395,0.1065,0.0362,0.4147,0.2463,BCC
3,12.6995,4.077,0.0402,0.0952,0.0427,0.4593,0.2412,BCC
3,13.1634,4.0895,0.0413,0.1019,0.0441,0.4402,0.229,BCC
2,12.9458,4.122,0.0352,0.1019,0.0388,0.4374,0.2417,BCC
2,13.1587,4.1145,0.0367,0.1019,0.0405,0.4237,0.2339,BCC
4,14.2397,4.1445,0.0424,0.1096,0.0396,0.4646,0.2618,BCC
2,14.3159,4.1645,0.0392,0.1118,0.0393,0.4714,0.2635,BCC
3,13.7759,4.152,0.0422,0.1118,0.0437,0.4172,0.2208,BCC
2,13.6346,4.126,0.0417,0.1019,0.0412,0.4776,0.2565,BCC
4,14.0696,4.161,0.043,0.1096,0.0406,0.4093,0.231,BCC
3,13.4813,4.1935,0.0399,0.1113,0.0328,0.4817,0.2766,BCC
4,14.2109,4.1885,0.0391,0.1118,0.0375,0.4578,0.255,BCC
3,13.6058,4.235,0.0468,0.1111,0.0304,0.4,0.2439,BCC
3,13.7759,4.2465,0.0462,0.1111,0.0289,0.426,0.2485,BCC
4,13.4171,4.2415,0.0416,0.1111,0.0286,0.4726,0.2692,BCC
4,12.8287,4.193,0.0436,0.1019,0.0367,0.4378,0.2317,BCC
