Pm,ΔH,ΔS,Ω,ρ,e/a,EWF,α,HD,B,G,ad-e/n,ad-r,ad-α,ad-HD,ad-G,δ-VEC,δ-e/n,δ-Tm,δ-ρ,δ-χ,δ-e/a,δ-Ec,δ-EWF,δ-ABE,δ-SLHF,δ-α,δ-HD,δ-G,δ-υ,δ-G/B,Phase
1,2.172,10.9819,12.385,8.8087,1.875,4.2012,7.2625,106.25,140.65,35.5875,0.0349,7.5047,1.4781,32.8125,18.1344,0.1107,0.3624,0.2203,0.5339,0.0712,0.1764,0.1868,0.0287,0.241,0.24,0.2426,0.3456,0.5746,0.0809,0.3258,IM
1,-10.56,16.1784,2.5191,6.7886,1.8571,4.48,14.8571,159.7143,140.3571,59.1714,0.0512,7.8159,4.9796,123.8776,27.5673,0.3773,0.2191,0.2323,0.3179,0.0846,0.344,0.1589,0.0601,0.2087,0.2584,0.389,0.9825,0.5186,0.2215,0.4436,IM
2,-15.0707,14.8968,1.9128,7.24,1.8333,4.63,10.6,126.5003,163.817,65.4668,0.0582,6.309,2.3667,54.8334,27.6001,0.3086,0.2296,0.0961,0.2149,0.0795,0.2033,0.0886,0.0705,0.1213,0.1836,0.2548,0.5234,0.4677,0.2107,0.4595,IM
1,0.8494,11.4487,30.4036,8.2803,1.95,4.1292,7.5875,118.825,121.975,27.1125,0.0467,6.7127,1.8288,46.9425,6.8006,0.0732,0.4485,0.1549,0.4871,0.0809,0.1118,0.1568,0.0436,0.1628,0.1665,0.2565,0.4104,0.4038,0.0471,0.2103,BCC
2,-17.8718,14.8968,1.5518,7.35,1.8333,4.6217,12.6667,108.8336,160.367,64.9835,0.0659,8.1579,4.2333,61.778,28.0834,0.3526,0.2935,0.2927,0.2944,0.0735,0.3748,0.2838,0.0724,0.1974,0.2642,0.4473,0.6956,0.4664,0.2025,0.4192,IM
1,-12.3068,14.2218,1.9682,7.0662,2,4.6712,13.5308,115.6154,157.8115,68.9962,0.0461,5.8799,3.9763,68.0178,27.7737,0.3472,0.1695,0.2419,0.3193,0.0686,0.3101,0.1056,0.0713,0.2021,0.2844,0.4147,0.6945,0.4451,0.2023,0.3803,BCC
2,-6.9075,12.8252,3.3537,7.8209,1.8372,4.7521,12.1349,130.8139,170.6254,76.3627,0.0368,2.3999,2.9162,65.7544,23.3077,0.248,0.1425,0.1637,0.1997,0.0596,0.2859,0.0624,0.0653,0.1347,0.2097,0.353,0.5866,0.373,0.2213,0.3917,FCC
2,-11.9513,16.0245,3.0984,8.59,1.6875,4.4325,9.7812,131.25,179.5938,78.95,0.0682,7.2056,4.3164,76.4062,40.5438,0.2768,0.4013,0.3413,0.5428,0.1547,0.404,0.3287,0.0269,0.2632,0.3182,0.593,0.6945,0.5854,0.1932,0.3828,IM
3,-12.5614,13.3448,1.751,6.8943,2.0476,4.6667,14.2095,109.8571,154.1,67.8286,0.0457,6.7084,4.4717,69.8231,28.8435,0.3689,0.1676,0.2607,0.3519,0.0695,0.3189,0.0991,0.0717,0.2213,0.3092,0.4134,0.7512,0.4648,0.2004,0.3753,BCC
4,-9.6214,12.5685,2.5097,8.0467,1.9524,4.731,11.481,155.9524,181.119,66.6048,0.0521,3.1728,2.1224,53.2653,20.4331,0.2372,0.2092,0.1462,0.1494,0.0709,0.1091,0.1315,0.0722,0.0458,0.1273,0.221,0.4318,0.3369,0.1342,0.307,IM
1,-12.7663,15.8572,2.0846,7.04,1.9167,4.6533,13.6917,104.6667,152.6667,64.0167,0.0538,7.1763,3.8403,64.5556,29.05,0.3698,0.2045,0.2335,0.3246,0.0758,0.334,0.1083,0.0683,0.2041,0.281,0.3872,0.7439,0.4924,0.2007,0.4087,BCC
1,-1.8461,13.1453,17.3552,8.1022,1.5556,4.2733,7.0111,134.7778,161.1333,49.4111,0.0308,7.843,1.5457,57.5802,33.0173,0.175,0.299,0.1562,0.3376,0.1919,0.3194,0.1472,0.0529,0.2225,0.2975,0.2658,0.4773,0.8185,0.1177,0.4165,BCC
1,-13.5633,12.9187,1.6773,7.7375,1.9417,4.8299,12.76,100.6083,167.655,72.8975,0.0481,5.1034,2.3893,53.8089,22.6603,0.2907,0.1838,0.1587,0.2422,0.0713,0.2331,0.0731,0.0718,0.1582,0.2156,0.308,0.68,0.3774,0.1845,0.3512,IM
1,-1.6257,13.381,21.4086,9.3,1.6,4.306,6.98,124,171.56,55.36,0.0314,5.9904,1.416,52.8,32.832,0.1559,0.3117,0.1917,0.4477,0.1732,0.3062,0.1678,0.041,0.2153,0.27,0.2533,0.4908,0.6935,0.1217,0.3875,IM
1,-3.7909,11.5256,5.1883,8.275,2,4.6875,15.15,242,168.65,70.775,0.0257,3.8988,3.275,134.5,15.1875,0.1315,0.0899,0.0657,0.0747,0.0797,0,0.1573,0.0887,0.1929,0.1192,0.2543,0.6742,0.2492,0.1934,0.3506,FCC
4,-6.7314,15.5474,4.0773,7.7182,1.7273,4.7041,12.4773,114.4091,161.9909,68.0045,0.0496,4.707,2.943,63.3388,27.3405,0.2919,0.1956,0.1688,0.218,0.0709,0.3114,0.0943,0.0632,0.1513,0.2129,0.3227,0.6517,0.4449,0.2102,0.4237,FCC
2,-18.1667,14.8968,1.6643,7.65,1.6667,4.63,10.4334,116.3336,166.467,64.0001,0.0741,8.8201,2.5333,56.778,29.0667,0.3086,0.3247,0.175,0.2001,0.0823,0.2828,0.2427,0.0705,0.132,0.1811,0.2745,0.5834,0.4926,0.2171,0.496,BCC+FCC
2,-4.2482,13.2417,6.2507,8.4691,1.6522,4.763,10.4696,151.3042,188.8911,85.613,0.0557,2.6268,3.2571,64.7447,22.4952,0.1978,0.2345,0.1914,0.1125,0.0782,0.2883,0.185,0.0588,0.0804,0.1569,0.3345,0.4898,0.3345,0.2143,0.3694,IM
2,-15.4067,14.6974,1.6989,7.2382,1.9091,4.6509,13.1545,111.4544,159.218,67.1545,0.0575,7.2991,4.0859,65.4875,28.2677,0.3499,0.2425,0.2784,0.3076,0.0714,0.3499,0.2384,0.0719,0.2019,0.2762,0.4311,0.7048,0.4579,0.2049,0.4024,IM
1,-30.5044,10.4994,0.6322,6.904,1.95,4.6795,11.505,80.15,148.205,48.945,0.0958,12.004,2.185,31.255,27.404,0.4309,0.3782,0.0931,0.3015,0.1249,0.1118,0.1255,0.0912,0.1917,0.2394,0.2273,0.5959,0.5859,0.1386,0.4063,IM
2,-12.1627,11.3574,1.6175,7.3778,1.8889,4.7828,13.1833,115.8334,164.1057,71.0056,0.0506,5.0844,3.8796,76.2038,30.9383,0.3387,0.1736,0.2327,0.3001,0.0716,0.348,0.0888,0.0709,0.1954,0.2809,0.4273,0.7636,0.471,0.2362,0.4444,BCC+FCC
3,-14.4701,13.2117,1.7007,7.6989,1.8333,4.7591,11.4745,129.4926,169.6194,67.4514,0.0533,5.9559,2.1835,68.5758,28.2431,0.2744,0.2092,0.0849,0.2032,0.0774,0.2033,0.0514,0.0683,0.1257,0.1893,0.2324,0.5975,0.4622,0.2197,0.4753,IM
1,-1.3437,13.2541,23.6581,8.2455,1.6364,4.2445,7.2364,131.4545,153.0273,45.2091,0.0365,7.6846,1.6397,57.686,28.5421,0.172,0.3484,0.156,0.3781,0.1868,0.294,0.1533,0.0547,0.2211,0.2878,0.268,0.4821,0.8333,0.1076,0.3953,BCC
1,-5.587,11.7487,4.6826,8.3553,1.7059,4.4294,8.3824,136.1765,171.4412,85.6235,0.0495,4.574,2.0104,31.4187,25.3834,0.1947,0.2907,0.2224,0.4348,0.106,0.2671,0.2727,0.0232,0.1337,0.1848,0.2906,0.3704,0.3583,0.1994,0.3152,BCC
1,1.3506,10.8364,18.1715,6.4927,1.697,4.2333,7.8152,100.697,135.9485,29.9909,0.0377,7.3545,1.5335,37.2084,10.3526,0.1112,0.286,0.146,0.2453,0.0782,0.2708,0.1777,0.0287,0.2083,0.2467,0.2237,0.3867,0.3648,0.0444,0.2023,BCC
1,-12.4237,13.381,2.4848,7.868,1.4,4.546,8.52,142.6,182.56,68.6,0.0685,8.0472,2.784,79.12,40.4,0.2789,0.3745,0.1923,0.2467,0.1285,0.3499,0.2503,0.0555,0.1568,0.218,0.3684,0.5726,0.6097,0.2256,0.5561,IM
2,-16.8315,14.2518,1.5972,7.4689,1.8518,4.7204,11.1555,113.8517,165.5739,67.6851,0.0607,6.6565,2.2453,55.9615,27.1583,0.3073,0.2319,0.0921,0.2199,0.0823,0.1918,0.072,0.074,0.1301,0.1866,0.235,0.5856,0.4488,0.2061,0.4363,IM
1,-2.2101,14.7375,12.4396,8.3744,1.541,4.7148,11.8623,117.5082,169.8623,70.2049,0.0561,3.397,2.9621,60.5843,24.7357,0.2359,0.2421,0.2054,0.0801,0.0619,0.3234,0.2396,0.0612,0.112,0.1554,0.3051,0.6074,0.3889,0.2056,0.4144,IM
1,-5.6524,13.1453,7.0293,12.7,1.5556,4.4144,6.3333,166.6667,221.1,89.4556,0.0334,3.5111,1.363,91.8519,45.2395,0.125,0.3348,0.1708,0.4025,0.1939,0.3194,0.1574,0.0332,0.1761,0.2397,0.2717,0.581,0.5445,0.1384,0.3119,BCC
4,-14.7924,15.7176,1.8638,7.0156,1.7945,4.6212,12.5977,99.1173,150.1259,58.0123,0.0666,8.7154,3.1535,56.1112,28.8175,0.3796,0.257,0.1818,0.2989,0.087,0.3054,0.1123,0.0653,0.1783,0.2418,0.3366,0.7107,0.5483,0.1991,0.4667,IM
1,-11.924,12.5685,1.8148,6.8395,1.9524,4.6071,13.3143,87.1429,153,79.319,0.0503,7.134,4.898,44.898,23.8662,0.3766,0.205,0.2994,0.3562,0.0832,0.3699,0.1691,0.069,0.2235,0.3102,0.4809,0.6562,0.3969,0.1588,0.2515,BCC
2,-6.9294,12.5685,3.9906,6.4119,1.5714,4.3538,8.7428,89.0475,147.8951,55.8666,0.0407,8.0551,2.1088,25.1927,27.9206,0.1653,0.2416,0.1844,0.2614,0.0269,0.3711,0.2495,0.019,0.1741,0.2317,0.414,0.3766,0.611,0.2222,0.545,BCC
2,-4.3759,12.0052,5.4058,8.0877,1.5769,4.725,10.0616,133.4618,177.3464,88.2385,0.0451,0.8532,3.3521,59.7634,22.929,0.2078,0.1777,0.138,0.1059,0.0707,0.3133,0.1173,0.0595,0.0787,0.1507,0.3438,0.5184,0.3139,0.249,0.3703,IM
2,-12.0346,8.267,0.8252,4.2729,2.6429,4.425,20.0786,50.5717,107.3503,43.6859,0.0337,7.5469,5.0306,50.8166,21.1634,0.5556,0.167,0.3621,0.5888,0.0647,0.2309,0.1145,0.0627,0.2981,0.4307,0.2887,1.3503,0.6153,0.1228,0.2708,BCC+FCC
1,-6.1907,12.6137,3.5756,7.5417,1.8542,4.5383,13.7458,184.2708,154.4667,84.7312,0.0334,4.8997,4.546,131.5538,12.4036,0.2379,0.1346,0.1734,0.1836,0.0781,0.2694,0.1457,0.0772,0.1978,0.1979,0.4137,0.9039,0.2332,0.1476,0.2035,BCC
2,-9.3856,14.7843,3.0932,7.8254,1.7692,4.6661,11.7461,141.2306,182.569,82.2076,0.0666,6.79,4.774,78.0591,29.3917,0.3228,0.2958,0.3177,0.3072,0.1032,0.3937,0.2501,0.0627,0.2005,0.2783,0.5218,0.6133,0.4316,0.1822,0.3296,IM
1,-6.4129,11.5965,3.3495,8.4353,1.9574,4.866,12.2064,138.1915,184.3511,71.9128,0.0404,2.1121,1.6089,62.2906,18.0933,0.1865,0.1755,0.1392,0.1127,0.0555,0.1031,0.1204,0.0662,0.0451,0.1281,0.1805,0.5354,0.2952,0.1342,0.2807,FCC
1,-8.3147,10.559,2.0157,7.3151,2.11,4.4238,17.199,258.05,143.249,74.654,0.0272,6.2635,4.919,188.721,9.9999,0.2497,0.1174,0.1656,0.2315,0.0875,0.1483,0.1823,0.0814,0.2474,0.195,0.2893,0.7679,0.2157,0.1189,0.1731,IM
1,-6.7867,13.1453,3.6924,7.9733,1.7778,4.7333,10.9444,139.6667,175.2111,76.5667,0.0416,1.3669,2.6963,55.2593,22,0.2191,0.1589,0.1029,0.1178,0.0606,0.2339,0.0769,0.0666,0.0639,0.1488,0.2739,0.489,0.3467,0.219,0.4005,IM
2,-17.7686,14.4072,1.5886,7.9562,1.75,4.7412,11.2125,127,172.8375,63.45,0.0718,7.4213,2.4844,68.75,27.15,0.2854,0.2927,0.1689,0.1795,0.0798,0.2474,0.221,0.0726,0.1185,0.1724,0.2521,0.6101,0.4624,0.2013,0.4825,BCC+FCC
2,-10.4214,14.0981,2.3834,7.1088,2,4.5931,13.5012,123.3337,162.8613,73.5921,0.0547,7.3894,4.7119,70.8814,28.0404,0.3527,0.2322,0.3245,0.3584,0.0918,0.339,0.2194,0.0619,0.2258,0.3095,0.4602,0.6626,0.4488,0.1621,0.2955,IM
1,-1.5207,8.9256,13.011,6.2737,1.875,4.2725,8.1,124.375,148.375,41.6875,0.0388,8.5156,0.775,27.1875,10.2656,0.0912,0.2433,0.0975,0.1656,0.0622,0.1764,0.1435,0.0198,0.1441,0.1594,0.1417,0.2567,0.2893,0.0657,0.2141,IM
2,-3.1523,14.6974,8.3207,8.0018,1.6364,4.7209,12.1636,115.9999,164.6453,68.8272,0.0482,3.6641,2.6578,62.1817,26.443,0.2563,0.1899,0.1423,0.1617,0.0676,0.294,0.0921,0.06,0.1271,0.1811,0.2764,0.6273,0.4275,0.2103,0.4263,IM
1,-9.1652,10.8708,1.8806,7.2567,2.13,4.4564,16.871,232.65,144.415,73.852,0.0288,6.4744,4.9367,176.451,11.6095,0.2681,0.1238,0.177,0.2521,0.086,0.1579,0.1753,0.0819,0.2463,0.2099,0.2972,0.8297,0.2352,0.1161,0.1751,IM
1,-5.093,13.9285,4.8785,7.9508,1.824,4.6426,13.5648,207.668,165.0304,78.5136,0.0336,3.7515,3.6826,132.3643,17.1144,0.1981,0.128,0.1371,0.1287,0.0787,0.2358,0.1412,0.0817,0.1824,0.1745,0.3777,0.7652,0.3102,0.2286,0.3569,FCC
1,-10.2729,10.9534,1.6648,7.1947,2.14,4.4407,17.499,247.95,141.582,73.171,0.0302,6.4365,4.901,191.558,12.3119,0.2791,0.1284,0.1804,0.262,0.0886,0.1621,0.1819,0.0856,0.2565,0.2179,0.2839,0.8154,0.244,0.1229,0.1822,IM
1,-9.4033,13.3673,2.5857,7.9245,1.8545,4.7964,12.0782,134.1818,173.1782,71.6782,0.0406,3.3463,2.4436,70.562,25.4278,0.2442,0.1633,0.1301,0.1882,0.0645,0.2393,0.0572,0.0656,0.1242,0.1951,0.2931,0.5949,0.4061,0.2178,0.4336,IM
5,-2.1715,10.5905,9.2447,8.1825,1.8251,4.6575,11.2654,156.0198,178.2131,80.7139,0.0288,1.1421,1.8822,41.3332,14.1032,0.1407,0.1518,0.1394,0.0874,0.0543,0.2082,0.1264,0.0533,0.0626,0.1393,0.2315,0.3689,0.2826,0.1812,0.3113,IM
1,-3.9237,13.3433,6.1294,8.0559,1.8,4.6455,13.375,217.24,167.239,78.236,0.0319,3.2963,3.5255,129.5536,17.499,0.1734,0.1217,0.1187,0.0869,0.0779,0.2222,0.1402,0.0806,0.1733,0.1593,0.3716,0.7186,0.3127,0.2378,0.3766,FCC
1,1.0904,10.085,19.973,6.61,1.875,4.2025,8.25,99.125,122.375,25.35,0.0437,6.5234,1.95,43.9062,4.925,0.0802,0.3397,0.1332,0.4352,0.078,0.1764,0.169,0.0388,0.163,0.1919,0.2421,0.4667,0.2597,0.0271,0.132,BCC
2,-9.3467,14.1581,2.7453,7.3776,1.939,4.6122,12.8854,129.9388,167.9559,76.2987,0.055,6.7363,4.2442,67.6308,25.9871,0.3238,0.2337,0.3033,0.3216,0.0896,0.3355,0.2156,0.0611,0.2056,0.2848,0.4549,0.6121,0.4206,0.1662,0.2979,IM
2,-8.094,12.8122,2.7635,7.4719,1.9474,4.6747,12.8807,126.0528,163.5283,73.9545,0.0353,4.0079,3.1025,61.3482,22.7658,0.2792,0.1413,0.195,0.2525,0.0595,0.2791,0.0758,0.0654,0.1647,0.238,0.3685,0.5843,0.3745,0.1954,0.3457,BCC+FCC
2,-9.5111,12.9758,2.7456,9.1667,2,4.6883,12.1167,115.8335,180.2668,91.4334,0.0767,6.8367,4.6167,76.1113,29.5445,0.3457,0.3598,0.417,0.5499,0.1296,0.2887,0.3681,0.072,0.2687,0.3158,0.5085,0.8256,0.4221,0.1342,0.2175,IM
4,-9.6338,13.1453,2.4682,7.05,1.8889,4.5733,12.8778,138.4444,163.8667,72.7667,0.0492,7.1807,5.1753,76.3951,33.7481,0.3361,0.2202,0.3189,0.3531,0.094,0.3902,0.2179,0.0545,0.2208,0.3179,0.507,0.6373,0.5043,0.2167,0.3989,IM
1,1.1611,11.3574,23.2286,9.5272,2,4.1194,7.2778,123.0556,127.9111,31.5722,0.0426,6.929,1.6235,42.716,12.5093,0.0894,0.4798,0.1946,0.4922,0.0751,0,0.1704,0.042,0.2096,0.1708,0.2513,0.3713,0.544,0.0686,0.2782,BCC
1,-13.8209,14.8707,1.886,6.9683,2,4.6328,12.9897,118.2414,157.7379,67.0207,0.0494,5.7137,4.0452,63.698,26.9441,0.3518,0.1835,0.2377,0.3093,0.07,0.2936,0.1268,0.0723,0.1921,0.2697,0.427,0.6463,0.4424,0.1937,0.3805,BCC
2,-16.7594,14.6974,1.4973,6.8673,2,4.6536,13.4182,109.6363,154.0271,65.5363,0.0516,7.7289,3.8413,66.8098,30.033,0.3675,0.1978,0.2323,0.3365,0.0762,0.3015,0.1006,0.0713,0.2081,0.2905,0.4066,0.725,0.4959,0.2096,0.416,BCC+FCC
2,-13.8692,14.2324,1.882,6.7254,1.9231,4.2938,15.2077,218.4613,140.8306,60.4538,0.0589,5.9654,6.5775,175.0294,27.0035,0.3034,0.2933,0.3331,0.3359,0.1056,0.32,0.3739,0.0372,0.2738,0.2603,0.4505,0.8958,0.4937,0.2018,0.3838,BCC
2,-10.5452,14.8707,3.0594,8.6059,1.5172,4.6879,9.6621,146.8967,191.9485,82.1001,0.0787,6.2203,3.4186,66.314,25.8966,0.239,0.3472,0.2167,0.1113,0.0972,0.3293,0.2582,0.0632,0.0816,0.1468,0.3651,0.5033,0.3873,0.2079,0.3953,IM
4,-3.6655,12.6885,6.7272,8.5535,1.7497,4.8149,11.2882,168.0627,190.4623,76.6337,0.0472,2.076,2.767,71.8596,25.3648,0.1752,0.2071,0.1803,0.0982,0.067,0.2476,0.1651,0.0564,0.0704,0.1667,0.291,0.4614,0.3936,0.2112,0.4319,FCC
4,-9.0325,13.2417,2.9408,8.2365,1.8696,4.7196,10.9261,162.3913,188.413,71.5696,0.065,3.9671,2.6616,57.0321,22.9735,0.2416,0.2591,0.1915,0.1582,0.0835,0.1801,0.1714,0.0696,0.0543,0.1483,0.2763,0.4166,0.3746,0.1337,0.2961,IM
2,-20.5174,11.5256,1.3635,9.6675,1.75,4.5075,9.325,76.25,166.125,54.175,0.0874,7.285,2.425,13.75,21.975,0.3909,0.5953,0.2584,0.4557,0.0985,0.2474,0.2584,0.0825,0.1705,0.1648,0.287,0.2041,0.4319,0.1129,0.3163,IM
2,-14.514,14.5336,1.7872,7.284,1.9,4.691,12.4,119.1,161.5,69.17,0.0502,6.3936,3.16,65.92,28.676,0.3186,0.1938,0.1833,0.2733,0.0743,0.2834,0.0831,0.0693,0.1721,0.2471,0.3726,0.6484,0.4609,0.2203,0.4289,BCC+FCC
2,-4.0872,12.8122,5.2015,7.6702,1.7719,4.7274,13.6526,75.5264,155.7563,75.4632,0.0489,4.0086,3.5125,31.2097,21.2447,0.3129,0.1711,0.2206,0.2576,0.0649,0.3665,0.1021,0.069,0.1838,0.2415,0.3601,0.5317,0.3498,0.1494,0.2606,BCC+FCC
1,-8.2163,12.4922,2.6901,7.7202,1.9,4.6617,12.9945,138.075,161.322,82.3085,0.0364,4.331,3.0063,80.3748,10.2548,0.2455,0.1522,0.148,0.1878,0.0733,0.2294,0.1155,0.0787,0.1694,0.1827,0.3516,0.9224,0.244,0.1473,0.2256,IM
2,-7.8669,8.7653,1.7067,7.3489,2.0781,4.2977,19.8016,381.4844,134.4609,71.9297,0.0207,4.0304,3.2039,162.959,11.603,0.2128,0.1018,0.1331,0.1965,0.0836,0.1291,0.1843,0.0824,0.2467,0.1575,0.1938,0.4794,0.2253,0.1858,0.2405,BCC+FCC
2,-10.6152,14.7843,2.5191,7.4631,1.6923,4.6608,11.8615,107.3845,157.146,61.823,0.064,7.4009,2.5278,57.9171,28.8402,0.328,0.2466,0.1329,0.2326,0.0841,0.2727,0.0989,0.0636,0.1465,0.2012,0.2675,0.6511,0.5121,0.208,0.4729,FCC
2,-19.1702,13.8692,1.1152,5.9743,2.2143,4.5736,15.6,89.3571,138.0142,57.75,0.0506,9.2996,5.7143,64.2653,30.2714,0.4552,0.2003,0.3074,0.4466,0.0771,0.3043,0.1236,0.0725,0.2624,0.3628,0.4097,0.9003,0.5617,0.185,0.3828,IM
2,-10.395,11.0548,1.8063,7.245,2,4.68,13.3333,89.1666,156.7666,78.85,0.0409,5.1956,3.4222,40.8333,16.55,0.3243,0.1596,0.2209,0.2929,0.065,0.2887,0.0869,0.0729,0.1899,0.2575,0.3885,0.5431,0.3187,0.1333,0.2188,BCC+FCC
4,-8.5895,13.381,3.6073,7.676,1.4,4.446,8.12,122,175.98,76.82,0.0624,8.2824,2.304,54.4,35.696,0.2287,0.3432,0.1871,0.2451,0.1269,0.3499,0.2547,0.0255,0.1563,0.2009,0.3084,0.5063,0.5135,0.2252,0.4451,IM
1,0.5667,14.6974,66.3136,9.9391,1.7273,4.2055,7.0273,123.2727,153.1818,44.4091,0.0374,7.4473,1.2529,47.2066,23.395,0.1442,0.4032,0.1825,0.4287,0.1529,0.2578,0.1621,0.0477,0.2271,0.2488,0.2295,0.4279,0.6826,0.0959,0.3386,BCC
1,1.6146,11.5256,17.605,10.2425,2,4.1325,7.2,120.75,134.25,35.325,0.0402,7.2125,1.5,40.75,16.8875,0.1019,0.4839,0.2098,0.4822,0.0734,0,0.1799,0.0408,0.2324,0.1836,0.2432,0.3635,0.5606,0.0778,0.295,BCC
1,-4.5572,12.7076,6.8217,8.6012,1.8235,4.2941,8.9882,90.5294,154.6176,44.8706,0.0537,4.4448,2.2893,28.2076,13.7689,0.1266,0.3846,0.2586,0.5553,0.032,0.2812,0.245,0.0065,0.2017,0.1876,0.4329,0.3829,0.3671,0.0734,0.2275,BCC
2,-12.0726,12.9758,1.8775,6.6017,2,4.5517,13.9333,94.1668,155.6502,76.8835,0.0528,8.1633,6.4444,63.889,31.7889,0.4194,0.2647,0.3937,0.4413,0.11,0.4082,0.2623,0.0643,0.2702,0.3688,0.532,0.8107,0.4813,0.1428,0.2457,BCC
1,-11.0743,11.8082,1.7052,7.1507,2.125,4.4515,16.6144,226.0096,143.3183,71.9077,0.0324,6.8596,4.9738,173.8785,14.416,0.2823,0.1447,0.1773,0.2616,0.0871,0.1556,0.179,0.0806,0.2435,0.2109,0.3058,0.8503,0.2727,0.1394,0.213,IM
4,2.7475,13.381,8.3729,8.078,1.6,4.58,13.94,171,154.4,80.9,0.0427,3.2928,4.208,131.6,14.6,0.2208,0.1517,0.1627,0.0898,0.0801,0.3062,0.1466,0.0739,0.1765,0.1603,0.3696,0.9825,0.2635,0.1726,0.2552,BCC+FCC
2,-21.8715,14.5318,1.072,6.1029,2.1429,4.5771,14.6428,92.5713,140.6284,57.3285,0.0536,9.5428,5.1184,62.2448,30.6326,0.4388,0.2179,0.2802,0.4175,0.0804,0.2981,0.1231,0.0718,0.2454,0.3384,0.4179,0.8457,0.5728,0.1938,0.417,IM
2,-21.2654,14.7843,1.1581,6.3646,2.0769,4.6,13.9538,98.5384,145.346,59.4922,0.0549,9.3169,4.4521,63.3608,30.9917,0.4146,0.2197,0.2559,0.3859,0.081,0.2963,0.1155,0.0718,0.23,0.3173,0.4159,0.7927,0.5564,0.2014,0.4298,IM
2,-14.0157,14.541,2.2363,7.1467,1.6,4.408,10.32,103.9999,162.0732,66.0199,0.0633,7.9474,4.1333,51.9999,34.5013,0.2901,0.3467,0.2922,0.328,0.1139,0.4449,0.2958,0.0267,0.2129,0.2718,0.5506,0.6107,0.5657,0.1951,0.4233,IM
1,-2.4587,13.2541,13.3973,8.7664,1.5455,4.2691,6.7727,146.9091,166.5818,54.3364,0.0327,8.3385,1.438,55.9339,37.8347,0.1824,0.3325,0.1483,0.3332,0.2064,0.3222,0.1337,0.0594,0.2216,0.2941,0.2626,0.4409,0.7921,0.1255,0.4105,BCC
2,-12.3275,12.6758,1.9778,7.602,1.6667,4.7173,10.3867,109.0665,166.5398,79.7133,0.0539,4.9528,2.8409,49.2976,25.5271,0.2804,0.2077,0.1001,0.1865,0.0769,0.2828,0.0549,0.0679,0.118,0.1834,0.3034,0.5759,0.4041,0.253,0.4197,BCC+FCC
1,-5.4717,11.6121,3.9474,7.9885,1.9,4.6925,11.465,132.15,172.69,77.955,0.0297,1.2875,1.686,42.005,13.122,0.1909,0.1387,0.0883,0.105,0.051,0.1579,0.0711,0.0666,0.0549,0.12,0.1991,0.4087,0.2454,0.1567,0.2759,FCC
2,-5.3989,6.4198,1.8159,7.3933,2.0495,4.2252,20.497,424.9009,130.6287,74.1535,0.0141,2.7496,2.2367,120.4559,7.7928,0.1711,0.0832,0.1064,0.1557,0.0719,0.1058,0.1636,0.0704,0.2152,0.1252,0.1556,0.3681,0.1784,0.1634,0.1933,BCC+FCC
2,-4.4042,12.4506,5.6673,8.167,1.5556,4.7204,9.8778,137.0369,180.5924,89.5518,0.0497,1.5821,3.4321,61.5226,23.5391,0.21,0.2034,0.1591,0.1142,0.0783,0.3194,0.1536,0.0587,0.0831,0.1509,0.3565,0.513,0.3126,0.2441,0.3649,IM
1,-8.5349,12.4922,2.6192,7.7562,1.88,4.6627,12.7265,138.975,162.054,82.1905,0.0378,4.4287,2.8314,79.5917,10.3692,0.239,0.1594,0.1308,0.1732,0.0746,0.2165,0.1141,0.0785,0.1618,0.1705,0.3398,0.9113,0.2483,0.1564,0.2398,IM
4,-15.2812,12.2615,1.1789,5.8444,2.286,4.5699,16.5602,86.1123,135.3759,58.159,0.0476,9.0576,6.0376,67.0178,29.908,0.4715,0.1812,0.3296,0.4752,0.0734,0.3061,0.1182,0.0732,0.2784,0.3863,0.3933,0.9572,0.5506,0.1736,0.3468,BCC
2,-12.1998,13.1453,1.7746,6.7589,2,4.5511,14.6111,126.6665,144.7999,77.1999,0.0415,7.0696,5.5704,93.3332,21.3334,0.3599,0.1641,0.2616,0.333,0.0761,0.3333,0.1322,0.0761,0.2348,0.3001,0.4404,1.1031,0.3739,0.1642,0.2467,BCC+FCC
1,-10.5221,13.3508,2.3708,7.2633,1.8333,4.6062,12.2875,105,167,84.8667,0.0583,7.2932,5.1354,60.4167,25.2917,0.3588,0.2671,0.3313,0.3497,0.1035,0.4066,0.2425,0.0646,0.223,0.2985,0.5352,0.6797,0.3877,0.1485,0.2385,IM
2,-8.9324,9.7489,1.6744,7.3265,2.0926,4.3343,19.45,359.5374,136.3985,70.8057,0.0237,4.5917,3.6018,176.8796,13.3354,0.2305,0.1094,0.1446,0.2144,0.0872,0.1385,0.1894,0.0863,0.2562,0.1716,0.2098,0.5318,0.246,0.1919,0.26,BCC+FCC
5,-2.1764,10.6183,9.3906,8.2145,1.8002,4.6429,11.0637,161.0875,180.2842,81.5035,0.0345,1.6352,2.108,43.3984,14.7984,0.1413,0.1723,0.1584,0.0944,0.0601,0.2221,0.15,0.0504,0.066,0.145,0.2494,0.3523,0.2938,0.1826,0.3144,IM
1,-13.5349,15.5474,1.9834,7.1509,1.9091,4.6705,13.1045,111.2273,156.6818,66.3591,0.0521,6.8486,3.5132,65.6529,29.1355,0.3473,0.1998,0.213,0.302,0.0752,0.3123,0.0986,0.0689,0.191,0.2667,0.3849,0.7005,0.479,0.2098,0.4186,BCC
2,-6.7759,12.6017,3.4851,8.1436,1.8182,4.8091,11.3727,126.0908,176.8635,77.7726,0.041,1.1467,2.4397,57.5536,18.6579,0.2131,0.1552,0.1016,0.1133,0.0591,0.2121,0.0696,0.0681,0.0634,0.1372,0.2515,0.5406,0.3105,0.1987,0.3621,IM
4,-6.8661,12.6604,3.1742,7.1748,1.8887,4.4588,14.2323,190.0567,147.8133,82.4422,0.0306,5.8928,5.4002,137.8215,14.4232,0.2607,0.1287,0.2075,0.2308,0.0751,0.3,0.1489,0.0658,0.2103,0.2347,0.4363,0.9,0.2839,0.1558,0.2113,BCC
2,-10.7513,14.0487,2.3641,7.6353,1.8511,4.7128,12.417,123.7234,166.8404,72.8553,0.0477,4.6678,3.3436,66.1929,25.8017,0.2888,0.1948,0.2143,0.2393,0.0655,0.3148,0.1716,0.0686,0.1602,0.2329,0.3887,0.627,0.4066,0.2163,0.3997,IM
2,-5.6017,13.381,3.6299,7.454,2,4.716,15.84,106.6,153.52,56.32,0.0419,5.6856,3.448,75.92,20.824,0.3397,0.1595,0.2203,0.3233,0.061,0.3162,0.115,0.0677,0.2186,0.2552,0.2647,0.8031,0.3912,0.119,0.2719,BCC+FCC
2,-13.0145,14.2131,1.8831,7.176,1.96,4.688,13.204,116.4,159.304,69.524,0.0467,6.1075,3.6035,68.08,28.2512,0.3344,0.1759,0.2212,0.3036,0.0705,0.3054,0.0906,0.0701,0.1929,0.2733,0.4003,0.6872,0.4516,0.2119,0.3996,BCC+FCC
2,-20.1451,14.8968,1.277,6.67,2,4.6267,13.15,105.5002,150.8503,62.0168,0.0559,8.8801,3.75,64.0002,31.0501,0.3841,0.221,0.2231,0.3459,0.0813,0.2887,0.1045,0.0713,0.2089,0.2897,0.403,0.733,0.5358,0.21,0.4437,BCC+FCC
4,-11.7729,13.0108,2.6047,8.3273,1.3182,4.5755,8.2909,153.8636,191.65,74.7773,0.0749,7.7702,2.8512,79.6694,40.2934,0.2552,0.3903,0.1911,0.1907,0.125,0.3533,0.2577,0.0558,0.1266,0.189,0.3956,0.5247,0.5465,0.2349,0.5323,BCC
1,-3.2714,10.7941,5.6614,8.0713,1.98,4.586,14.851,226.35,161.244,79.602,0.0248,4.1879,3.6985,150.436,4.7853,0.1418,0.0964,0.0794,0.0723,0.0806,0.0707,0.1604,0.0867,0.1942,0.1146,0.2901,0.7617,0.1298,0.1354,0.2035,FCC
4,-12.9194,11.5143,1.4624,6.5498,2.0303,4.5976,14.0239,78.0325,145.3386,75.6501,0.0462,7.39,5.2228,40.6972,25.3341,0.3957,0.175,0.2832,0.3715,0.0702,0.3532,0.1019,0.0708,0.2298,0.3256,0.4576,0.6298,0.4131,0.1624,0.2587,IM
1,-13.0798,13.381,2.2705,7.716,2,4.292,11.18,79.2,143.32,42.52,0.0551,3.9056,4.968,33.36,13.584,0.1818,0.3708,0.3583,0.6327,0.0307,0.3162,0.3,0.0061,0.2589,0.2611,0.5664,0.528,0.3806,0.0765,0.225,BCC
2,0.3913,14.2218,64.5349,8.2039,1.6154,4.7435,12.2769,119.231,167.458,71.454,0.0422,2.1936,2.6805,63.2842,24.9379,0.2232,0.1618,0.1455,0.1233,0.0586,0.3012,0.0876,0.0579,0.1173,0.1712,0.2789,0.6169,0.3931,0.209,0.4068,IM
1,-14.6804,12.5108,1.8201,6.783,1.9,4.275,11.2,70,132.92,34.03,0.0473,3.2008,4.96,28,11.256,0.1782,0.3397,0.3463,0.5836,0.0524,0.3684,0.2927,0.0185,0.2743,0.2964,0.5699,0.5336,0.4135,0.0799,0.2845,BCC
4,-11.6418,12.4266,1.7617,7.4972,2.08,4.8186,14.4442,123.4392,165.7501,63.5908,0.0422,5.4327,3.2942,83.1082,26.3,0.3239,0.1559,0.2178,0.3084,0.0655,0.2514,0.0921,0.0711,0.2009,0.2734,0.3328,0.7438,0.4415,0.1799,0.3952,BCC+FCC
2,-13.154,12.6017,1.5734,6.2718,2.0909,4.5473,14.7363,81.8181,145.7089,72.6272,0.0503,8.5527,6.4463,54.7107,31.5835,0.4381,0.2308,0.3778,0.4496,0.0974,0.379,0.2237,0.0671,0.2706,0.378,0.4903,0.8225,0.4919,0.1493,0.2562,BCC
5,-3.1602,11.3162,6.6173,8.3172,1.8076,4.823,11.7609,154.4792,180.7224,74.0197,0.03,0.3366,2.1397,68.1805,23.2662,0.1619,0.1158,0.089,0.0819,0.0485,0.2181,0.0281,0.0585,0.0633,0.1547,0.2395,0.5019,0.3672,0.2246,0.4429,FCC
1,-13.2042,16.1784,2.0512,6.9943,1.8571,4.63,13.6571,97.5714,148.9714,59.9143,0.0605,7.9004,3.751,59.3878,28.4163,0.3862,0.23,0.2265,0.3258,0.0809,0.344,0.1179,0.066,0.2,0.2718,0.3706,0.7603,0.5207,0.1939,0.4243,BCC+FCC
4,-6.1086,15.7619,4.4118,7.6119,1.7458,4.6902,13.1661,108.3898,158.239,66.2407,0.0497,4.9616,3.2267,63.1255,27.2807,0.3133,0.1932,0.1988,0.2487,0.0703,0.3433,0.1036,0.0631,0.1704,0.2342,0.3443,0.6959,0.4524,0.2006,0.4077,FCC
2,-13.3462,13.2541,1.6046,6.7036,2.0909,4.6491,14.6363,105.5453,150.6998,66.0727,0.0467,7.3348,4.8892,69.785,29.4479,0.3896,0.1712,0.2757,0.3768,0.0707,0.3195,0.1039,0.0724,0.2342,0.3255,0.4143,0.7865,0.4819,0.1958,0.371,BCC+FCC
4,-12.9522,11.3574,1.6767,7.4111,1.7222,4.6522,10.3944,94.7222,161.0667,81.4389,0.0533,6.0028,2.3951,30.7099,19.3796,0.2875,0.2139,0.094,0.1961,0.0773,0.2601,0.0571,0.0676,0.1212,0.179,0.2685,0.3808,0.3617,0.2193,0.3452,BCC
2,-15.8746,14.221,1.5853,6.4379,2,4.2929,15.8071,203.9285,136.4358,58.2214,0.0549,5.9364,6.7071,172.9081,27.3072,0.3278,0.2823,0.3575,0.3746,0.1022,0.3273,0.3725,0.0359,0.2813,0.2858,0.4394,0.9598,0.513,0.1943,0.3753,BCC+FCC
1,-23.3293,11.5256,0.7361,6.2625,2,4.6025,15.95,47.5,129.3,45.75,0.0809,9.2325,4.2,16.25,19.5,0.5051,0.2895,0.2573,0.4371,0.0959,0.3536,0.1535,0.0753,0.2371,0.3024,0.3122,0.4111,0.5106,0.106,0.2655,FCC
2,-15.1495,13.381,1.6655,7.464,1.8,4.696,11.06,123.6,165.16,68.58,0.0561,6.8704,2.288,62.32,29.384,0.2911,0.2207,0.0868,0.2162,0.0802,0.2222,0.0562,0.068,0.131,0.1974,0.2474,0.584,0.4762,0.231,0.476,IM
1,-8.6183,11.2386,2.1511,7.7086,2.1429,4.7971,14.4857,135.8571,168.6429,62.7714,0.0309,4.5469,2.6041,75.0204,22.3755,0.274,0.1265,0.1784,0.2712,0.0529,0.1633,0.0824,0.0694,0.178,0.2298,0.2625,0.6374,0.3645,0.1423,0.314,BCC+FCC
4,-10.8006,11.5256,2.5595,8.71,1.25,4.6,8.1,163.25,199.225,79.925,0.0796,7.2875,2.85,78.25,39.175,0.2308,0.4018,0.1883,0.1238,0.1204,0.3464,0.2626,0.0554,0.0895,0.1575,0.4175,0.4824,0.4918,0.2406,0.5099,IM
2,-12.7412,13.2066,1.6048,7.1932,2.1786,4.5518,17.3607,229.1068,147.9104,64.1249,0.0356,6.7349,4.7079,163.3288,20.9464,0.3108,0.1401,0.1986,0.3021,0.0882,0.1758,0.1729,0.0911,0.2636,0.2394,0.2766,0.8187,0.346,0.1843,0.3287,FCC
1,-3.3747,11.0758,6.182,7.728,1.6,4.55,11.84,179,158.72,94.34,0.0348,3.3176,4.528,128.4,16.128,0.2023,0.1394,0.1381,0.0832,0.0754,0.3062,0.1359,0.0742,0.1652,0.1464,0.4822,0.9102,0.1754,0.1576,0.1883,BCC+FCC
2,-12.5478,14.4228,2.1237,7.6739,1.8163,4.6959,12.2082,121.939,167.0922,71.5593,0.0545,5.5089,3.4202,64.9481,26.3357,0.2947,0.2288,0.2289,0.2345,0.0677,0.3276,0.2166,0.0697,0.159,0.228,0.396,0.6271,0.4148,0.2157,0.4097,IM
2,-11.2177,14.8968,2.1998,7.165,2,4.5883,15.0667,178.8337,152.2003,71.1335,0.0396,6.4023,5.0556,131.7782,24.2222,0.3163,0.1515,0.2283,0.2927,0.0799,0.2887,0.1448,0.0813,0.2329,0.2694,0.3934,0.905,0.4011,0.213,0.3547,BCC
3,-6.2517,11.9242,3.5762,8.3655,1.7737,4.8444,11.5459,121.7868,178.724,79.1244,0.0412,1.3218,2.3369,60.1562,17.4753,0.1909,0.1736,0.1283,0.0817,0.0559,0.2359,0.1412,0.0645,0.0671,0.1323,0.2489,0.5767,0.3047,0.2042,0.3657,IM
4,-10.7517,13.3508,2.0655,7.0021,1.9583,4.5154,14.975,170.2083,145.3625,79.2833,0.0375,6.6052,5.6771,137.4132,17.2292,0.32,0.1531,0.2361,0.2876,0.0799,0.312,0.1516,0.0796,0.2347,0.2699,0.4252,1.0245,0.3291,0.1625,0.2308,IM
1,-0.9462,10.9231,26.1326,6.596,1.6,4.254,7.61,96,136.38,36.65,0.0422,7.7814,1.554,32.4,18.24,0.1491,0.3263,0.1455,0.2414,0.0803,0.3062,0.2048,0.034,0.2031,0.2832,0.2359,0.3819,0.7486,0.1542,0.6171,BCC
1,-1.4734,12.3288,15.4173,7.8155,1.6,4.5575,12.365,177,157.64,90.98,0.038,3.3547,4.5415,129.2,16.464,0.2159,0.148,0.149,0.0872,0.0776,0.3062,0.1392,0.0742,0.1684,0.1534,0.4568,0.9279,0.2064,0.1686,0.2117,BCC+FCC
5,-3.1145,11.0548,6.5227,8.2683,1.8333,4.8,11.7,128.8333,176.8167,80.7167,0.0304,0.3011,1.8333,55.5,13.4389,0.1629,0.1154,0.0853,0.0798,0.0466,0.2033,0.0276,0.0634,0.0634,0.1329,0.2201,0.5107,0.2667,0.189,0.3237,FCC
2,-10.3632,14.8549,2.6405,7.5117,1.8696,4.6748,12.613,129.6522,171.8174,76.7957,0.0593,6.5754,4.4733,76.1588,29.2144,0.3336,0.2478,0.3032,0.3172,0.0935,0.3633,0.2185,0.0663,0.2049,0.2864,0.4754,0.6598,0.4453,0.1928,0.352,IM
4,0.1951,13.381,157.856,7.798,1.8,4.176,7.58,120.8,135.16,32.64,0.0514,9.016,1.336,40.64,10.288,0.1113,0.4267,0.1255,0.389,0.0933,0.2222,0.1557,0.041,0.1916,0.2062,0.2066,0.3579,0.3461,0.0538,0.2154,IM
4,-4.7721,14.8968,8.7172,10.92,1.6667,4.3883,6.9833,153.5,201.6667,77.35,0.0451,4.5817,1.6167,77.6667,42,0.133,0.3876,0.2154,0.4952,0.1858,0.2828,0.2094,0.0307,0.1986,0.2631,0.275,0.5797,0.6144,0.13,0.3207,BCC
1,-14.9361,13.3319,1.8838,7.3463,1.9474,4.1663,9.9579,99.8421,121.7211,28.4632,0.0513,7.2372,4.41,51.9224,5.9058,0.1492,0.446,0.2779,0.4907,0.0911,0.3105,0.2365,0.041,0.2296,0.2721,0.6137,0.5675,0.2629,0.0671,0.266,BCC
1,2.4288,9.1338,8.5479,6.53,1.6667,4.2267,7.7667,96.6667,133.8333,28,0.0315,6.9889,1.6222,35.5556,8.7333,0.1088,0.2568,0.1521,0.2551,0.0777,0.2828,0.1785,0.0297,0.2145,0.2583,0.2352,0.3992,0.3352,0.0283,0.141,BCC
1,1.7421,12.4227,16.6016,8.1325,1.875,4.1925,7.7875,104.125,131.8,31.075,0.0434,6.8188,1.8094,40.1562,12.0125,0.1019,0.3926,0.1959,0.5228,0.0765,0.1764,0.1908,0.0375,0.2191,0.2109,0.2465,0.4213,0.5081,0.061,0.2596,BCC
4,-12.074,15.9728,2.2984,7.2397,1.7762,4.6471,12.8127,102.601,153.1743,61.1079,0.0617,7.5647,3.212,59.0346,28.6152,0.3569,0.2362,0.1887,0.2823,0.082,0.32,0.1104,0.0649,0.1763,0.24,0.3405,0.7067,0.5136,0.2012,0.446,IM
2,-5.0299,14.8392,4.918,7.5108,1.8288,4.6958,13.7847,109.4594,157.9485,68.1864,0.0447,4.4494,3.6231,66.3354,26.8975,0.3222,0.1679,0.2278,0.2769,0.0647,0.3586,0.0995,0.0649,0.1883,0.2602,0.371,0.7192,0.4341,0.1961,0.3782,BCC+FCC
2,-15.7998,14.4258,1.7738,7.9478,1.7778,4.7144,11.2778,129.5554,172.1554,65.4555,0.0658,6.8713,2.2519,63.9505,25.916,0.268,0.2747,0.1624,0.1694,0.0755,0.2339,0.2138,0.0707,0.1124,0.1641,0.2369,0.5667,0.4314,0.1984,0.4501,BCC+FCC
4,-5.6094,15.9728,5.0706,7.5299,1.7762,4.6417,12.4723,117.112,160.5552,65.8732,0.0541,3.6849,3.5676,58.9317,24.3484,0.3205,0.1993,0.2053,0.2289,0.0684,0.32,0.1383,0.0662,0.1523,0.2096,0.3704,0.6029,0.4098,0.1819,0.378,BCC
2,-4.8618,10.859,4.2901,8.0792,1.6154,4.7769,10.4154,116.6153,174.3306,88.3922,0.042,0.2639,3.2426,52.2366,20.0828,0.2137,0.1512,0.1076,0.0968,0.0619,0.3012,0.0348,0.0634,0.076,0.1357,0.3249,0.5508,0.2844,0.238,0.3472,BCC
4,2.3601,11.5256,12.3419,9.0675,1.75,4.2325,7.45,97.5,148.2,38.275,0.0338,6.0875,1.375,27.5,16.825,0.1111,0.3507,0.2107,0.5101,0.0672,0.2474,0.1881,0.0258,0.2288,0.2321,0.2247,0.3431,0.5112,0.0776,0.2979,BCC
2,-13.8783,14.14,1.9174,7.7064,1.84,4.7516,11.232,118.16,169.548,71.236,0.0547,5.0138,2.327,56.992,24.7859,0.2783,0.2092,0.0956,0.1903,0.076,0.1992,0.0717,0.0725,0.1128,0.1721,0.2412,0.5709,0.4036,0.2056,0.412,IM
3,-8.4645,12.3701,2.7865,8.3733,1.7456,4.8247,11.3918,120.2704,178.5163,77.7446,0.0477,2.4553,2.4819,59.076,18.8988,0.2056,0.2099,0.1507,0.0803,0.0599,0.2495,0.1859,0.0669,0.0676,0.1298,0.2573,0.5769,0.3178,0.2049,0.3761,IM
1,-2.8183,13.3303,11.3935,7.3602,1.566,4.3321,7.2132,137.7358,170.3962,55.6057,0.0357,7.6785,1.57,51.1214,33.4048,0.1598,0.2688,0.1586,0.2808,0.1735,0.3165,0.1566,0.0419,0.197,0.2746,0.2549,0.4527,0.7249,0.123,0.3896,IM
4,-11.6263,13.2556,1.9216,7.5359,2.0501,4.802,14.1989,128.3453,168.1536,64.8102,0.0475,5.7798,3.3847,85.2272,27.4685,0.3277,0.1828,0.2478,0.3115,0.0724,0.2705,0.1389,0.0707,0.2027,0.2781,0.3566,0.7243,0.4587,0.1802,0.3952,BCC+FCC
1,-1.5985,13.1453,20.3889,8.8544,1.5556,4.2567,7.0667,137.3333,161.6444,50.4889,0.0352,7.4726,1.4963,59.8519,32.5383,0.175,0.3575,0.1472,0.3502,0.1943,0.3194,0.1466,0.0579,0.2178,0.2731,0.2595,0.4757,0.7875,0.1134,0.3848,BCC
1,-1.0326,11.0758,23.9943,6.366,1.8,4.256,7.98,114.4,143.14,36.76,0.0454,8.72,1.144,35.52,12.248,0.1065,0.2898,0.1214,0.2051,0.073,0.2222,0.1655,0.0244,0.1777,0.2013,0.1803,0.323,0.3526,0.0661,0.2453,IM
1,1.4669,14.3353,24.8296,9.9252,1.7619,4.1867,7.119,118.1905,147.8571,40.6333,0.0373,7.3484,1.2426,43.6463,18.9333,0.1312,0.4129,0.1856,0.4393,0.1274,0.2417,0.166,0.0443,0.2281,0.2355,0.2239,0.4098,0.6269,0.0848,0.3116,BCC
2,-3.0785,4.0437,2.001,7.4288,2.0266,4.1673,21.0537,459.6544,127.5613,75.9336,0.0079,1.5612,1.2905,72.1075,4.3759,0.1264,0.0622,0.0782,0.1137,0.0559,0.0794,0.1302,0.0544,0.1695,0.0917,0.1146,0.2623,0.1302,0.1293,0.1424,BCC
2,-7.4703,13.0226,2.772,7.1968,1.8889,4.6848,14.6,69.7618,148.4745,71.0571,0.0522,5.8851,4.3809,31.8971,24.8163,0.3742,0.1864,0.2567,0.3306,0.0707,0.3786,0.1102,0.0719,0.2171,0.291,0.3776,0.6039,0.4017,0.1456,0.2618,BCC+FCC
2,-3.9178,12.5685,6.1611,8.3014,1.7143,4.7786,10.9809,143.8094,181.6427,81.9856,0.041,1.0502,2.8367,63.1519,20.034,0.1868,0.1744,0.1459,0.0987,0.0648,0.2635,0.1246,0.0603,0.0733,0.1536,0.294,0.5096,0.3333,0.224,0.3869,IM
4,-9.8469,14.5339,2.6501,7.4288,1.9168,4.6634,12.8594,127.151,167.4963,75.2265,0.0526,6.0932,4.0416,70.5019,26.9577,0.3214,0.2158,0.2787,0.3052,0.0839,0.3339,0.1885,0.0659,0.1967,0.2765,0.4406,0.64,0.4263,0.19,0.3435,IM
1,-0.794,13.3111,43.2957,9.2419,1.6375,4.2876,7.0975,117.375,165.72,51.0888,0.0319,5.9276,1.4046,47.6531,29.4382,0.1496,0.3218,0.1968,0.4636,0.1605,0.2936,0.1731,0.0386,0.2195,0.2661,0.2475,0.4811,0.6936,0.1135,0.3797,IM
4,-10.395,14.5336,2.5178,7.236,1.9,4.631,12.92,131.1,165.91,73.81,0.0535,6.793,4.7,76.1,31.208,0.3405,0.2255,0.3042,0.3354,0.0907,0.3684,0.2064,0.0632,0.2131,0.3021,0.4795,0.6602,0.4736,0.206,0.3783,IM
1,-21.2643,13.3448,1.2541,6.9038,2.0476,4.1771,11.2571,91.7619,117.681,28.5333,0.0571,7.073,5.8776,53.1338,5.3968,0.1652,0.4447,0.3284,0.5345,0.0903,0.3189,0.2668,0.0397,0.241,0.29,0.627,0.647,0.2496,0.0766,0.2846,IM
4,-9.0925,14.2324,2.8125,7.4638,1.9231,4.6508,12.7769,128.9231,167.4462,75.7154,0.05,5.7865,3.8059,66.6982,25.1787,0.3076,0.2073,0.2676,0.2922,0.0806,0.32,0.1815,0.0641,0.1887,0.2659,0.4266,0.6083,0.4075,0.1838,0.3286,IM
1,-9.5976,10.8467,1.7754,7.2362,2.13,4.4364,17.366,250.15,142.28,73.677,0.0292,6.3924,4.9147,189.886,11.564,0.2695,0.1248,0.1758,0.2521,0.0881,0.1579,0.1817,0.0841,0.2531,0.2104,0.2866,0.8014,0.2349,0.1213,0.1791,IM
1,2.3511,12.4448,14.1505,10.4558,1.6926,4.2261,7.2978,98.9621,156.3108,42.8561,0.0348,5.1391,1.0325,25.5001,16.134,0.1055,0.3854,0.1886,0.4477,0.0675,0.2726,0.1686,0.0301,0.2085,0.1973,0.1966,0.3428,0.4454,0.0768,0.2669,BCC
2,-14.2774,16.1784,2.2197,6.78,1.8571,4.5014,11.2857,134.1427,163.2713,66.0714,0.0508,7.5563,4.3837,67.8367,34.7102,0.3344,0.2601,0.2788,0.3517,0.1131,0.344,0.2147,0.0516,0.2084,0.2913,0.5106,0.5994,0.5725,0.1962,0.4299,BCC+FCC
1,-1.4004,13.2541,22.8611,8.4282,1.6364,4.2191,6.8364,139.6364,152.7273,44.8727,0.0331,8.6678,1.3917,50.6446,28.6645,0.172,0.3427,0.1477,0.3496,0.1947,0.294,0.1335,0.0561,0.2226,0.3017,0.2529,0.4246,0.8443,0.1094,0.407,BCC
1,-3.8021,12.1978,6.085,8.2544,1.7317,4.7829,11.1244,141.7073,179.6098,80.9683,0.0364,0.6182,2.696,62.6413,19.7894,0.1832,0.1534,0.1255,0.0934,0.0596,0.2559,0.0938,0.0607,0.0707,0.1521,0.2816,0.5145,0.3317,0.2266,0.3917,FCC
5,-1.5898,14.6974,15.6515,7.8382,1.7273,4.7164,13.3818,111.9091,161.3182,69.3636,0.0433,3.2701,3.2165,65.157,25.8579,0.2827,0.1595,0.2045,0.2242,0.0602,0.357,0.0967,0.0614,0.1654,0.2291,0.3454,0.6876,0.4128,0.1974,0.3819,FCC
3,-15.6224,11.5256,1.6441,8.115,2,4.29,11.9,63.75,139.875,40.675,0.0555,1.1725,5.85,26.25,14.425,0.1951,0.4057,0.3988,0.6635,0.0288,0.3536,0.324,0.0068,0.2911,0.2938,0.5793,0.4941,0.4332,0.0837,0.2528,IM
5,-10.057,6.724,1.6855,8.5932,1.1585,4.411,8.695,90.4621,172.8045,45.7498,0.0741,5.8331,2.2002,23.4686,7.8995,0.3206,0.5421,0.1786,0.0238,0.0694,0.3153,0.2056,0.0557,0.0711,0.0746,0.3238,0.4677,0.2768,0.0794,0.277,IM
3,-3.0089,13.2542,10.6886,7.4642,1.5455,4.3418,7.1366,141.0788,173.8239,58.0729,0.0347,7.6219,1.5966,51.7294,35.7836,0.1614,0.2647,0.1591,0.2811,0.1766,0.3222,0.1543,0.0427,0.1957,0.2749,0.2589,0.4508,0.7158,0.1269,0.3907,BCC
2,0.3194,12.6944,65.1686,8.2525,1.875,4.8019,14.3313,127.3125,168.425,61.9688,0.0276,2.6397,2.0469,74.1875,20.3813,0.2079,0.1099,0.1488,0.1815,0.0386,0.2582,0.0957,0.0604,0.1521,0.1778,0.2017,0.6552,0.3353,0.133,0.3017,FCC
4,-11.5673,14.6102,2.2645,7.3496,1.902,4.6922,13.0451,123.1373,167.651,74.1275,0.0578,6.6953,4.5352,78.2007,30.8451,0.3518,0.2345,0.3028,0.3334,0.0911,0.3645,0.2037,0.0692,0.214,0.299,0.4696,0.7118,0.4677,0.2026,0.3761,IM
1,1.0877,12.8852,27.7305,7.7257,1.7143,4.1757,7.2857,119.1429,137.3429,31.9857,0.0407,9.0755,1.1306,39.2653,10.3265,0.1117,0.3924,0.1289,0.3398,0.0931,0.2635,0.1505,0.0382,0.2011,0.234,0.2003,0.3453,0.3498,0.0511,0.2153,BCC
2,-8.0339,10.5067,2.396,7.9625,1.75,4.8456,11.8812,128.4375,174.7063,76.2313,0.0461,2.1449,3.5508,77.8516,28.2734,0.2615,0.1581,0.1665,0.1961,0.0659,0.3194,0.0625,0.0632,0.1343,0.212,0.3806,0.6685,0.4174,0.2512,0.458,FCC
4,-2.5241,15.445,10.4647,7.7779,1.7368,4.7018,13.2035,112.9298,161.1702,68.6807,0.0455,3.3854,3.2939,64.1243,25.6694,0.2912,0.1688,0.2057,0.2257,0.0623,0.3499,0.109,0.0627,0.163,0.2255,0.3511,0.671,0.4128,0.1946,0.3817,FCC
1,-4.7326,11.7645,4.591,8.291,1.75,4.84,11.895,139.1,176.335,82.035,0.0389,0.9754,2.8665,83.83,17.1645,0.1926,0.1374,0.1085,0.0908,0.0652,0.2474,0.0789,0.069,0.1104,0.1423,0.3194,0.7848,0.3015,0.2243,0.3698,FCC
4,-4.9406,11.5256,6.0111,9.65,1.5,4.42,7,120,182.875,82.65,0.0551,6.995,1.6,55,36.45,0.1579,0.4082,0.2101,0.4701,0.1537,0.3333,0.2651,0.0311,0.1883,0.2205,0.2742,0.5433,0.4842,0.2266,0.4326,BCC
4,-3.2641,11.558,6.3112,7.6941,1.8235,4.4932,13.5804,208.8725,155.6578,86.3373,0.0278,4.3523,4.3731,142.7095,11.0442,0.183,0.1155,0.1407,0.1149,0.077,0.2356,0.1505,0.0712,0.185,0.1615,0.4037,0.8108,0.1821,0.1368,0.1837,BCC+FCC
2,-9.5682,12.9758,2.3124,7.2333,2,4.655,13.4167,120.5001,159.3168,71.7167,0.0382,5.1673,3.5222,63.8334,24.6111,0.3116,0.1486,0.2205,0.2921,0.0625,0.2887,0.0856,0.0666,0.1873,0.2639,0.3863,0.6287,0.4002,0.1908,0.3428,BCC
4,-9.4555,10.8364,2.1883,7.6758,1.697,4.6815,10.4121,97.8788,165.1727,86.7242,0.0469,3.5719,2.5914,31.5886,16.8338,0.2535,0.1863,0.0982,0.1576,0.07,0.2708,0.049,0.0668,0.1029,0.1537,0.2799,0.3684,0.2851,0.1995,0.2921,BCC+FCC
5,-11.4169,7.6789,1.6631,8.596,1.192,4.4344,8.9893,92.6696,172.7632,46.731,0.0847,6.6645,2.5138,27.8554,9.1896,0.3322,0.5476,0.1948,0.0262,0.0737,0.3304,0.2248,0.0596,0.0775,0.0814,0.3356,0.4992,0.2939,0.0866,0.294,IM
2,-11.5489,13.381,1.9511,7.104,2,4.686,13.74,114.6,157.84,69.76,0.0443,5.9168,3.968,69.52,27.968,0.3447,0.163,0.2427,0.3227,0.0678,0.3162,0.093,0.0706,0.2057,0.2899,0.4092,0.7131,0.4454,0.2054,0.3796,BCC
1,-0.4866,14.5112,54.6572,8.3668,1.561,4.7301,12.0309,118.8943,169.7463,71.2805,0.0497,2.6455,2.8824,61.7864,24.443,0.2232,0.212,0.1908,0.0815,0.0585,0.3179,0.2084,0.0597,0.1112,0.1581,0.2972,0.6082,0.3818,0.2065,0.4071,IM
2,-18.2026,15.8415,1.3948,6.3424,2,4.5712,14.6235,85.647,138.8294,54.147,0.0626,9.2735,4.7128,55.5432,27.4727,0.451,0.2456,0.2663,0.3985,0.0845,0.343,0.1314,0.0668,0.2284,0.3115,0.3898,0.848,0.5716,0.1815,0.4176,BCC
1,-1.1899,13.381,30.0997,10.654,1.6,4.276,7.08,128.6,172.48,57.3,0.0417,5.3904,1.336,58.32,31.28,0.1559,0.4104,0.1671,0.3883,0.1779,0.3062,0.1649,0.0523,0.2053,0.2198,0.2418,0.4935,0.6413,0.1091,0.324,BCC
1,-11.1795,13.1453,2.1165,7.0656,1.8889,4.6067,12.7667,96.6667,160.4667,82.2778,0.0551,7.2563,5.0519,53.3333,23.9358,0.3674,0.2404,0.321,0.354,0.0958,0.3902,0.2175,0.0667,0.224,0.3046,0.5104,0.6801,0.3934,0.1534,0.2448,BCC
2,-3.234,13.1453,8.4316,9.45,1.7778,4.7611,10.5222,158.4443,191.9443,88.4666,0.0618,2.3742,3.2593,75.7036,26.7999,0.1954,0.2857,0.2881,0.3794,0.1025,0.2339,0.3013,0.06,0.1536,0.2103,0.338,0.5479,0.392,0.2189,0.3712,IM
1,-4.1378,9.1338,3.7217,8.0867,2,4.5833,15.6,238.3333,158.3333,80.9,0.0281,4.7311,4.0667,174.4444,1.9333,0.1497,0.1013,0.0729,0.0749,0.0875,0,0.1758,0.0944,0.2144,0.1147,0.2793,0.7899,0.0268,0.0988,0.1475,FCC
2,-3.0526,13.3319,9.432,9.9742,1.7895,4.75,10.2053,166.421,198.0367,92.0736,0.0722,3.1964,3.4881,81.7949,29.9457,0.2009,0.3336,0.3172,0.4149,0.1134,0.2278,0.3342,0.0593,0.1704,0.2235,0.3639,0.5469,0.4025,0.2141,0.3602,IM
4,-5.881,13.2542,3.4674,7.5862,2,4.7554,15.6094,102.8233,156.3144,58.7603,0.0404,5.3136,3.3027,71.7746,21.596,0.3236,0.1538,0.2111,0.3078,0.0594,0.3015,0.113,0.0692,0.2129,0.254,0.2603,0.8023,0.3809,0.1178,0.2615,IM
1,-0.7407,9.6496,22.2635,7.7198,1.91,4.365,15.931,311.37,149.78,79.196,0.0187,5.2422,5.1921,169.767,8.0597,0.1046,0.074,0.1176,0.0543,0.0822,0.1498,0.184,0.0633,0.2134,0.1192,0.3451,0.5596,0.1997,0.1854,0.2439,FCC
1,-8.6457,13.381,2.9933,7.788,1.8,4.69,10.68,139.8,173.4,73.9,0.0475,2.2144,2.744,49.84,23,0.244,0.1774,0.1054,0.1348,0.0646,0.2222,0.0932,0.0696,0.0607,0.1465,0.2765,0.4635,0.3575,0.2097,0.4011,IM
2,-8.5398,12.9459,2.8814,8.032,1.7,4.68,11.98,123.9,168.75,53.26,0.0782,4.1256,3.144,61.9,11.976,0.3162,0.2927,0.2133,0.1563,0.0755,0.2696,0.232,0.0748,0.1095,0.1215,0.2858,0.5931,0.2894,0.0953,0.2626,IM
2,-5.9602,14.8761,4.0114,7.2581,1.871,4.6671,14.5355,100.9675,152.0578,64.8289,0.048,5.5771,4.2071,64.8593,27.3267,0.36,0.1785,0.2521,0.3197,0.0679,0.3777,0.1074,0.0655,0.2093,0.2855,0.3731,0.7794,0.4598,0.1858,0.3688,BCC+FCC
1,-3.7388,13.381,8.2352,8.012,1.6,4.216,7.16,110.6,135.6,45.56,0.0592,10.0864,1.272,40.72,27.576,0.1739,0.4768,0.1256,0.3675,0.0976,0.3062,0.21,0.0507,0.1784,0.2779,0.2232,0.3913,0.7733,0.2123,0.6456,IM
5,-3.2337,9.0117,5.1889,8.3838,1.7726,4.8545,11.8443,189.4625,186.0511,64.8826,0.0304,0.2112,2.5752,75.0591,28.9222,0.1596,0.1158,0.0932,0.0839,0.0508,0.2365,0.0287,0.0507,0.063,0.1756,0.2629,0.4151,0.4799,0.2397,0.5889,IM
3,-15.7442,13.9688,1.6261,7.538,1.8708,4.7437,11.8646,125.8091,166.7136,66.2208,0.0543,6.5366,2.3859,69.3402,28.7241,0.2966,0.2109,0.1234,0.2353,0.0784,0.2248,0.0655,0.0698,0.1465,0.2112,0.2853,0.626,0.4742,0.216,0.4688,IM
2,-6.0198,4.3674,0.757,3.3477,2.8529,4.3397,22.15,29.6472,90.8502,35.1648,0.0169,3.8387,2.5588,25.848,10.5261,0.4881,0.1228,0.2959,0.5348,0.0461,0.1505,0.085,0.0442,0.238,0.3591,0.1853,1.5916,0.5307,0.0787,0.1844,BCC
4,-8.7707,12.9758,2.987,8.4817,1.8333,4.7833,10.9333,150.6667,192.8333,76.9833,0.0705,4.1467,2.8222,60.5556,21.2222,0.2394,0.2783,0.2093,0.1483,0.0824,0.2033,0.1829,0.0695,0.0542,0.1472,0.292,0.4812,0.3498,0.1263,0.261,IM
4,-7.7589,13.381,3.9945,7.462,1.6,4.406,8.54,132.2,175.54,63.9,0.0546,6.6768,1.968,49.76,30.96,0.2422,0.3367,0.187,0.2657,0.129,0.3062,0.2141,0.0277,0.1492,0.1942,0.2712,0.4526,0.5533,0.1351,0.3423,IM
1,1.3347,14.134,19.0682,8.3594,1.5806,4.7452,12.1968,120.2581,169.6323,72.3387,0.0437,1.8451,2.7908,62.897,24.0712,0.2098,0.178,0.1722,0.0828,0.0546,0.3122,0.1634,0.058,0.1102,0.1606,0.289,0.6086,0.3744,0.207,0.3996,FCC
5,-6.9141,13.381,3.4905,7.484,1.6,4.626,11.64,83,152.78,69.96,0.0634,6.6544,2.752,29.6,27.728,0.3284,0.2441,0.1498,0.2179,0.082,0.3062,0.1054,0.0607,0.1387,0.1998,0.2977,0.4337,0.4512,0.208,0.3918,BCC+FCC
1,-5.2746,12.5685,5.9552,9.0643,1.8095,4.3657,8.2905,127.1429,177.419,64.7238,0.0483,5.2467,2.3719,55.5782,30.1678,0.1653,0.361,0.2534,0.5301,0.1526,0.276,0.2274,0.0307,0.2017,0.2423,0.4705,0.5224,0.5684,0.1086,0.2786,BCC
4,-5.219,12.3189,4.1496,7.3824,1.8371,4.4671,13.7978,198.1775,150.9916,84.9121,0.0296,5.2414,5.0445,140.4364,13.7671,0.229,0.1236,0.1828,0.1866,0.0754,0.2859,0.1492,0.0666,0.1984,0.207,0.4353,0.8612,0.2458,0.151,0.2003,BCC+FCC
1,-0.2257,12.4816,121.2267,6.6105,1.8571,4.2257,8.2143,106.1905,131.4,30.7762,0.0471,7.2639,1.5456,42.6757,10.2349,0.1088,0.3397,0.1279,0.3867,0.0803,0.1884,0.1662,0.0351,0.1877,0.1988,0.2137,0.4139,0.3707,0.0537,0.2248,BCC
1,-2.4021,12.7076,12.7721,7.3765,1.5294,4.3188,7.1706,130.6471,166.0647,51.8059,0.0286,7.2282,1.6194,57.0796,33.8325,0.1693,0.2466,0.1637,0.2867,0.1799,0.3264,0.1582,0.0438,0.2153,0.2954,0.2679,0.4958,0.7909,0.1224,0.422,BCC
5,-7.6855,12.572,2.7542,7.3902,1.98,4.5159,14.8853,192.7809,150.7606,79.7613,0.032,5.7828,4.879,141.2971,10.9329,0.2584,0.132,0.1862,0.2246,0.08,0.2368,0.1544,0.0785,0.2178,0.2161,0.3751,0.8991,0.2523,0.1357,0.1983,FCC
2,-1.1819,9.5923,14.7375,7.86,1.8571,4.5143,12.7,206.1428,164.2429,79.8429,0.0195,2.5922,2.8857,97.3469,11.7959,0.1142,0.0823,0.0983,0.0601,0.0629,0.1884,0.1174,0.0535,0.1375,0.1289,0.3363,0.6208,0.2492,0.1952,0.2974,BCC+FCC
2,-16.2843,14.6974,1.7564,7.7727,1.7273,4.6527,11.6727,117.3635,167.7362,68.2363,0.0683,7.2634,3.5802,61.19,27.0876,0.3075,0.2999,0.2509,0.2215,0.0721,0.357,0.2762,0.0715,0.1547,0.2149,0.4123,0.6249,0.4335,0.2119,0.4327,IM
2,-11.9996,15.8415,3.0118,8.5482,1.7059,4.4365,9.9,132.3529,178.8353,79.1,0.0714,7.6835,4.1882,73.0796,38.2824,0.2804,0.4005,0.3393,0.5295,0.15,0.3901,0.3293,0.0263,0.2557,0.3113,0.5704,0.6689,0.5669,0.1896,0.3698,IM
4,-5.4208,13.3508,3.7212,7.3933,2,4.6979,15.9458,108.3333,152.2375,55.2,0.0424,5.8467,3.5035,77.6389,20.2917,0.3469,0.1619,0.2243,0.3301,0.0617,0.3227,0.1156,0.0667,0.2207,0.2544,0.2663,0.8025,0.3945,0.1193,0.2763,IM
1,-0.2376,12.3178,120.1409,6.8042,1.6389,4.2639,7.5889,111.4722,146.7028,37.8,0.0347,7.2904,1.5691,46.0802,18.1667,0.1424,0.2737,0.156,0.2707,0.1372,0.2931,0.1713,0.0362,0.2138,0.2757,0.2417,0.4633,0.7391,0.0842,0.3485,BCC
3,-4.3709,11.5256,7.6971,12.2925,1.75,4.3575,7.125,137.5,196.975,72.625,0.0386,2.7438,1.625,86.25,42.1875,0.1414,0.3906,0.225,0.4888,0.2023,0.2474,0.2069,0.0263,0.2357,0.2992,0.2874,0.7316,0.7074,0.1369,0.3686,BCC
2,-10.3761,11.0707,1.8983,7.6529,1.8235,4.8124,12.5706,121.7648,169.0943,73.4648,0.0488,3.8001,3.7474,77.1974,29.8651,0.3044,0.1669,0.2044,0.2557,0.0692,0.3383,0.0781,0.0676,0.1698,0.2508,0.4122,0.7184,0.4463,0.2434,0.4511,BCC+FCC
2,-11.1554,13.0111,2.1405,6.8808,1.9231,4.5554,13.2538,104.6153,164.0614,80.4845,0.0556,7.7879,6.3811,71.8342,31.5598,0.403,0.2892,0.3968,0.4304,0.1168,0.4308,0.2795,0.0618,0.2673,0.3588,0.5659,0.7819,0.4681,0.1372,0.2364,BCC
2,-16.4597,14.6974,1.8196,7.9364,1.6364,4.6573,10.4545,121.4544,171.0635,67.6999,0.0732,7.6575,2.7405,58.2148,27.6727,0.2817,0.3174,0.1815,0.158,0.0774,0.294,0.253,0.0704,0.1106,0.1626,0.286,0.565,0.448,0.2207,0.4751,IM
2,-12.6211,13.381,2.5702,10.586,1.6,4.7,9.02,159.6,204.78,87.24,0.1018,7.168,3.624,97.52,38.808,0.2693,0.4836,0.3029,0.4209,0.1422,0.3062,0.3353,0.0683,0.1678,0.2133,0.4222,0.6357,0.5113,0.2262,0.4471,BCC+FCC
2,-14.9995,12.6322,1.2723,6.0877,2.2308,4.5923,16.0154,91.6153,139.7152,60.3999,0.0479,8.7526,5.8343,67.6212,30.1538,0.4502,0.1794,0.3165,0.4494,0.0732,0.3123,0.1153,0.0734,0.268,0.3712,0.4026,0.9066,0.5326,0.1802,0.3545,BCC+FCC
5,-0.9144,13.1453,24.0988,7.6156,1.6667,4.6533,13.2889,80.5556,152.8111,75.8,0.0489,3.7259,3.8123,35.0617,23.0222,0.3154,0.1763,0.2271,0.2458,0.0645,0.4,0.1005,0.0611,0.1727,0.2406,0.3841,0.5311,0.367,0.1669,0.2816,FCC
1,-0.6945,12.9664,45.4454,8.6338,1.625,4.245,7.625,124.625,154.2875,45.125,0.0461,6.7675,1.4563,54.625,20.8375,0.1505,0.4076,0.1432,0.3802,0.1578,0.2979,0.1672,0.0519,0.1989,0.22,0.2263,0.478,0.6867,0.0881,0.3054,BCC
2,-11.9371,13.9362,2.1943,7.84,1.8333,4.7692,11.275,120.5834,171.7834,73.2334,0.0507,3.948,2.3667,57.3473,23.1555,0.2602,0.1947,0.0974,0.1709,0.0716,0.2033,0.0713,0.0714,0.101,0.1627,0.2445,0.562,0.3767,0.2044,0.3974,IM
1,-0.0472,11.5256,620.4777,8.97,1.75,4.295,8.075,95.25,159.325,45.85,0.0522,4.6563,1.175,25.25,13.65,0.0912,0.386,0.2057,0.522,0.0323,0.2474,0.2168,0.0067,0.1705,0.1452,0.1712,0.3146,0.3597,0.0713,0.2259,BCC
1,-2.4538,13.3319,12.985,7.2442,1.5789,4.3168,7.2895,131.7368,165.1211,51.6053,0.0351,7.7013,1.549,51.9889,30.3557,0.16,0.2703,0.1592,0.2812,0.1705,0.3127,0.16,0.0414,0.2036,0.2795,0.2537,0.4657,0.7511,0.1177,0.3955,BCC
4,-4.0271,15.9242,6.8851,7.6692,1.7541,4.6754,12.882,114.7705,160.9033,67.4492,0.0489,3.5511,3.4469,62.0317,25.1975,0.3051,0.1836,0.2065,0.2276,0.0654,0.337,0.1252,0.0645,0.1584,0.2187,0.3604,0.6411,0.4121,0.1893,0.3807,IM
2,-4.8012,14.5336,5.0755,7.454,1.8,4.543,14.63,167.5,148.56,79.09,0.0418,5.3414,5.036,133,16.772,0.2954,0.1617,0.2111,0.2306,0.0815,0.3333,0.1488,0.0768,0.2121,0.2318,0.4023,1.0199,0.3111,0.1684,0.2464,BCC+FCC
4,-15.0904,14.4228,1.7314,6.8561,1.898,4.5841,12.5571,93.6735,156.8286,77.4633,0.0565,8.28,4.8105,50.8122,28.5423,0.3812,0.254,0.3064,0.3643,0.101,0.3725,0.2088,0.0663,0.2248,0.3087,0.5005,0.6811,0.4515,0.1801,0.3016,IM
2,-12.7877,14.1674,2.133,7.8347,1.7368,4.7137,10.9526,127.9998,170.7577,71.8999,0.0561,5.4213,2.544,61.8946,26.7368,0.2593,0.2316,0.1331,0.1686,0.0733,0.2535,0.1644,0.0674,0.1105,0.1749,0.2667,0.5601,0.4255,0.23,0.4531,IM
4,-6.3326,15.8209,4.5058,7.4515,1.7886,4.6226,12.2353,118.4764,160.3767,64.9815,0.0562,3.7684,3.5968,56.9317,23.7366,0.3279,0.2067,0.2035,0.2288,0.0696,0.31,0.1431,0.0668,0.1484,0.204,0.3749,0.5807,0.4075,0.1774,0.3757,BCC
1,-14.7083,13.2541,1.83,6.0873,1.9091,4.3545,12.0545,97,150.9,51.2364,0.038,4.6347,6.2975,64.3636,26.3504,0.2415,0.2314,0.37,0.4599,0.129,0.4151,0.2864,0.0268,0.2768,0.349,0.6008,0.7786,0.6895,0.1047,0.2846,BCC
4,-19.3944,11.5256,1.2079,7.265,2,4.2025,11.85,82,121.35,30.725,0.0588,5.1288,5.875,45.5,5.1875,0.1768,0.4446,0.3441,0.5608,0.083,0.3536,0.2846,0.0418,0.2558,0.2864,0.5851,0.7021,0.2104,0.0689,0.2394,BCC
1,-2.2297,12.2638,12.7793,6.8829,1.7143,4.3114,7.6143,134.7143,162.5429,51.0571,0.0425,8.3273,1.3265,36.9796,20.7551,0.1315,0.2685,0.1412,0.2555,0.1412,0.2635,0.1552,0.0342,0.1675,0.2305,0.2095,0.3765,0.6255,0.1013,0.3179,BCC
1,-9.1387,14.7901,2.7605,7.4686,1.932,4.6093,14.4864,189.974,157.1572,73.9848,0.0377,5.5121,4.573,132.8065,21.8088,0.276,0.1436,0.1985,0.2414,0.0797,0.2755,0.1439,0.0816,0.2155,0.2374,0.392,0.8492,0.3681,0.2193,0.3562,BCC+FCC
1,-5.9365,12.5685,3.8681,7.9429,1.8095,4.7633,11.8619,133.5714,172.8,77.4857,0.0353,1.6771,2.7256,64.6939,22.2585,0.2282,0.1381,0.1458,0.1717,0.0577,0.276,0.0545,0.064,0.1177,0.1928,0.3328,0.5653,0.3596,0.2239,0.3934,IM
1,-4.5424,11.7645,4.7943,8.195,1.75,4.79,11.695,128.8,173.045,86.145,0.0381,0.9853,2.7475,70.44,14.1775,0.1941,0.1376,0.1075,0.0901,0.0644,0.2474,0.0784,0.0717,0.1098,0.1297,0.3203,0.7966,0.2383,0.1955,0.2968,FCC
2,-4.5438,13.381,4.7177,7.124,1.8,4.616,14.32,74,145.46,71.14,0.0517,5.7008,4.664,36.8,26.312,0.3777,0.1899,0.2649,0.324,0.0697,0.4157,0.1075,0.0632,0.2067,0.2916,0.4013,0.6095,0.4198,0.162,0.2832,BCC+FCC
4,-14.7643,11.5256,1.6628,6.5025,1.75,4.3775,11.55,96.25,158.3,54.325,0.0369,2.93,6.025,66.875,34.6875,0.2485,0.2447,0.3667,0.4657,0.1454,0.4738,0.2905,0.0296,0.2848,0.3592,0.6224,0.8387,0.7467,0.1204,0.3344,BCC
1,-2.4952,12.4815,9.0681,7.9138,1.8,4.559,13.15,223.5,164.316,79.282,0.027,3.3287,3.698,122.4,16.0656,0.1511,0.1067,0.1171,0.0774,0.0736,0.2222,0.1377,0.0707,0.1658,0.1539,0.3801,0.6692,0.2967,0.2313,0.3509,IM
1,-1.6749,12.7953,18.1458,7.1467,1.575,4.2975,7.34,123.325,158.5325,46.39,0.0313,7.1595,1.574,53.325,27.585,0.1614,0.2596,0.1618,0.2836,0.1679,0.3139,0.1636,0.0414,0.2152,0.2905,0.258,0.4909,0.7969,0.11,0.4055,BCC
2,-17.6,13.381,1.5829,7.412,1.6,4.556,9.76,89,159.84,68.72,0.0735,9.5928,2.408,24.8,29.216,0.3264,0.3464,0.1764,0.2121,0.0819,0.3062,0.2546,0.0677,0.1414,0.1794,0.2734,0.363,0.4735,0.2234,0.4475,IM
2,-12.9914,11.5256,2.1889,9.5475,1.75,4.3575,10.625,106.25,177.15,65.775,0.0458,2.5362,6.4875,61.875,30.625,0.2294,0.4147,0.3678,0.5215,0.1508,0.4738,0.2837,0.0324,0.2579,0.3169,0.7089,0.7346,0.5541,0.096,0.2265,IM
4,-12.3507,14.5339,2.0268,6.9976,2,4.6451,13.8415,115.915,160.222,70.8736,0.0551,7.4487,4.878,76.0613,30.992,0.3783,0.2251,0.3217,0.3726,0.0903,0.3535,0.2017,0.0694,0.2343,0.3241,0.4606,0.7471,0.4852,0.1886,0.3537,IM
1,-4.539,14.5336,7.7436,8.047,1.5,4.321,7.06,109,157.79,58.98,0.0512,8.4448,1.352,40.6,37.176,0.1695,0.3908,0.1824,0.4144,0.1381,0.3333,0.2338,0.0397,0.2031,0.2767,0.2397,0.4614,0.6938,0.2236,0.5888,IM
1,-28.2245,13.8482,0.9183,7.8305,1.9048,4.6229,11.4286,107.381,149.2857,45.3619,0.107,12.9592,2.751,62.2222,21.9909,0.4215,0.4502,0.1497,0.332,0.1409,0.1541,0.1711,0.098,0.185,0.2172,0.2822,0.6638,0.5576,0.1234,0.3906,IM
2,-29.3176,13.381,0.869,6.226,2,4.392,12.14,111.6,136.08,30.72,0.0708,7.7488,5.248,71.92,8.024,0.4195,0.4318,0.3088,0.3792,0.1105,0.3162,0.277,0.0728,0.2551,0.2836,0.5229,0.7439,0.2847,0.0739,0.2991,IM
4,-8.76,13.3508,3.1138,8.3196,1.8333,4.7146,10.6833,165.2083,191.6042,73.7417,0.0696,4.2505,2.8542,58.1771,23.8264,0.2431,0.278,0.2036,0.1606,0.0874,0.2033,0.1823,0.0684,0.057,0.1544,0.2973,0.4091,0.3829,0.1332,0.291,IM
2,-11.1272,14.3353,2.2439,7.2528,1.9524,4.6819,13.3286,120.0951,162.9427,72.3285,0.0505,6.2069,4.0925,72.4897,28.5932,0.341,0.1984,0.2728,0.3218,0.0796,0.3344,0.1614,0.0691,0.2061,0.2896,0.4342,0.6949,0.4483,0.2009,0.3697,BCC
2,-15.9701,15.848,1.5694,6.4575,2,4.5862,14.9,87.25,140.2625,56.075,0.0605,8.8403,4.8,57.8125,27.7438,0.4429,0.232,0.2726,0.3966,0.0818,0.3536,0.1282,0.0673,0.2319,0.3165,0.3868,0.8547,0.551,0.181,0.4008,BCC
3,-5.0813,11.5256,5.5385,7.625,1.25,4.4325,7.2,115,178.3,75.65,0.0417,6.97,1.55,57.5,43.45,0.1579,0.2799,0.1613,0.2755,0.1415,0.3464,0.2418,0.0278,0.1745,0.2116,0.2637,0.5849,0.5819,0.2412,0.5099,BCC
4,-7.6472,12.7202,2.816,7.1684,1.9474,4.4708,14.6351,188.4649,147.6202,80.3228,0.0315,6.0805,5.3006,136.6382,13.5753,0.2706,0.1312,0.2082,0.2436,0.0767,0.2791,0.1504,0.0692,0.2166,0.2369,0.412,0.9068,0.2862,0.1491,0.2103,IM
2,1.856,14.316,14.2381,8.4165,1.6,4.7575,11.78,130.6,175.885,77.2,0.0449,1.6752,2.9,66.66,23.69,0.2042,0.1853,0.1856,0.0957,0.0626,0.3062,0.1522,0.0564,0.1078,0.1663,0.3104,0.5796,0.3669,0.2073,0.3829,IM
2,-11.403,15.5463,2.6194,8.0992,1.7534,4.6562,12.3411,172.26,169.1985,73.7849,0.0573,5.3288,3.4892,111.9119,19.5823,0.2401,0.2519,0.1851,0.105,0.0808,0.2458,0.2639,0.0845,0.1555,0.1379,0.377,0.8363,0.3238,0.2104,0.3789,IM
1,-5.3231,13.381,5.9802,7.402,1.4,4.356,6.92,122,165.16,64.44,0.0452,9.2072,1.464,54.4,43.728,0.1789,0.331,0.1572,0.2609,0.1656,0.3499,0.2151,0.0433,0.1997,0.2873,0.2584,0.5063,0.7032,0.2305,0.5798,IM
1,-10.3515,13.1453,2.672,6.0133,1.8889,4.2489,9.6444,97.4444,132.9444,33,0.0468,7.2919,3.3481,42.716,11.1111,0.1538,0.3056,0.2388,0.2998,0.0741,0.2999,0.2239,0.0253,0.2278,0.2642,0.5349,0.478,0.3591,0.0731,0.2762,IM
4,-5.5106,12.0559,3.7476,7.6289,1.93,4.5069,14.7902,217.0564,152.9979,82.2038,0.0293,5.2349,4.7516,158.4564,8.1529,0.2143,0.1216,0.1551,0.1656,0.0821,0.2106,0.1625,0.0805,0.2109,0.1803,0.3684,0.8318,0.2003,0.1313,0.1851,FCC
2,-12.2528,15.5994,2.4742,8.112,1.7333,4.6467,12.2067,169.7997,169.2998,72.9133,0.0605,5.6968,3.5396,110.2397,20.2222,0.246,0.2693,0.1931,0.1039,0.0812,0.2551,0.2764,0.0844,0.1545,0.1361,0.3819,0.8416,0.3312,0.2106,0.3861,IM
2,-3.1723,14.6605,7.9134,7.7746,1.7692,4.7202,13.1904,115.4809,162.6809,70.6366,0.0423,3.3814,3.2234,66.1687,25.8809,0.2846,0.1584,0.2022,0.2298,0.061,0.3437,0.0922,0.063,0.1649,0.2319,0.3549,0.6724,0.4096,0.2026,0.3843,BCC+FCC
4,-12.2715,14.8652,1.9716,6.9864,2.04,4.576,15.408,172.28,149.284,69.456,0.0404,6.847,5.2902,130.7008,25.4003,0.3381,0.1555,0.2437,0.3197,0.0799,0.2935,0.1452,0.0809,0.2421,0.2863,0.3923,0.9391,0.4195,0.2092,0.3535,BCC
1,-23.4924,13.2541,1.1001,6.7127,2.0909,4.1818,11.8182,88.2727,115.9364,28.5636,0.0588,6.9679,6.4264,53.2562,5.1736,0.1709,0.4408,0.348,0.5527,0.0896,0.3195,0.2782,0.0391,0.2451,0.2967,0.6228,0.6816,0.2436,0.0798,0.2885,IM
2,-14.9227,10.8337,0.9802,5.1467,2.4444,4.5056,18.1222,70.3333,122.9333,51.7333,0.0439,9.1309,6.0864,62.6666,27.5555,0.5229,0.181,0.3568,0.5395,0.072,0.2802,0.1216,0.0707,0.2986,0.4196,0.3558,1.1159,0.5935,0.1532,0.3195,FCC
5,-2.08,13.1453,11.2915,8.6356,1.6667,4.7667,13.1667,124,172.1778,60.6556,0.0492,3.6578,1.9111,68.8889,19.284,0.196,0.2324,0.2131,0.0483,0.0501,0.2828,0.2505,0.0622,0.1166,0.1252,0.2025,0.6275,0.3226,0.1327,0.3196,IM
1,-1.6833,13.1453,19.524,9.0778,1.5556,4.2256,6.5778,147.3333,161.2778,50.0778,0.0319,8.9412,1.1259,49.3333,32.721,0.175,0.3421,0.1352,0.3129,0.2048,0.3194,0.1173,0.0599,0.2199,0.2916,0.226,0.4028,0.7999,0.116,0.3997,BCC
2,-15.2661,14.689,1.8433,7.7423,1.7547,4.666,11.8377,118.7734,167.5375,69.2603,0.0646,6.7841,3.5116,62.435,26.9505,0.3039,0.2798,0.246,0.2256,0.0709,0.3484,0.2633,0.0711,0.1562,0.219,0.4077,0.626,0.4281,0.2134,0.426,IM
2,-19.0703,12.1978,1.3928,7.5239,1.5122,4.5622,9.1829,74.3901,158.9338,65.6121,0.0778,9.8453,2.5045,11.6002,32.5972,0.363,0.4008,0.191,0.2985,0.0847,0.3305,0.2683,0.0751,0.1598,0.1907,0.3002,0.1674,0.5371,0.2355,0.5082,IM
2,-4.0187,12.8252,6.2015,8.3463,1.6977,4.7744,10.8442,145.8138,183.5812,82.9557,0.0453,1.503,2.9616,63.5478,20.4705,0.19,0.1923,0.1614,0.103,0.069,0.2705,0.1459,0.0599,0.0755,0.1547,0.3054,0.5046,0.3343,0.2214,0.3823,IM
1,-12.6209,11.5256,1.4246,7.0825,2.25,4.7325,15.625,120.75,157.475,58.575,0.0382,6.9625,3.9875,80.75,23.775,0.359,0.1545,0.2328,0.3618,0.065,0.1925,0.1038,0.0751,0.2296,0.2843,0.2984,0.7481,0.4116,0.133,0.2946,BCC
1,-5.3293,13.3319,7.4189,12.2684,1.5789,4.41,6.5368,161.0526,215.5632,85.9737,0.0347,3.5798,1.4781,91.7452,45.7906,0.1356,0.3429,0.188,0.4321,0.1945,0.3127,0.1758,0.0326,0.195,0.2551,0.2882,0.6036,0.5776,0.141,0.3288,BCC
2,-1.7469,12.4506,12.1139,7.9463,1.7037,4.7522,13.1,78.8888,160.0035,78.0333,0.0463,2.934,3.037,30.4526,18.6173,0.2724,0.1603,0.1956,0.2057,0.0605,0.3505,0.0962,0.0667,0.1601,0.2071,0.3389,0.4889,0.3165,0.1512,0.2591,BCC+FCC
1,-13.3044,13.2541,2.0064,5.9427,1.7273,4.3564,10.6727,78.3636,138.9545,57.3182,0.0386,8.1755,4.7008,29.719,31.1901,0.2226,0.2211,0.2829,0.3359,0.0252,0.434,0.2789,0.0205,0.2192,0.3063,0.5849,0.5011,0.6299,0.2314,0.505,IM
2,-12.5616,14.8968,2.1637,7.465,1.8333,4.5967,12.8334,186.3337,158.3003,70.1501,0.0477,7.0645,3.4333,126.7782,25.5333,0.2689,0.2023,0.111,0.1973,0.0878,0.2033,0.1442,0.0797,0.1837,0.1895,0.3652,0.8317,0.428,0.2419,0.4385,BCC+FCC
1,-1.5637,13.1453,19.5218,6.85,1.6667,4.2844,7.5889,121.3333,153.5778,43.5,0.0406,7.9743,1.4765,45.6296,20.6667,0.1429,0.2872,0.1506,0.2654,0.143,0.2828,0.1666,0.036,0.1989,0.2606,0.23,0.4358,0.7058,0.0967,0.3538,BCC
4,-17.7636,14.8968,1.7732,7.3583,1.8333,4.4883,9.0833,132.6667,166.9333,63.5333,0.0764,10.6922,2.6833,46.7778,32.6,0.3555,0.4118,0.1819,0.2564,0.155,0.2033,0.1747,0.0763,0.1764,0.2525,0.3293,0.4352,0.577,0.1499,0.3685,IM
4,-5.6664,16.1784,4.6078,7.4186,1.8571,4.5971,15.3,160.4286,150.1286,67.7286,0.0444,5.6249,4.6,123.4694,24.6531,0.3229,0.1669,0.2264,0.2748,0.0796,0.344,0.1417,0.0752,0.2206,0.2547,0.3606,0.9754,0.409,0.2006,0.3581,IM
2,0.1946,13.1453,118.8435,7.9822,1.6667,4.5722,13.6333,184.4443,156.2554,84.6332,0.0379,3.5822,4.2667,140.2467,13.274,0.2131,0.1462,0.1513,0.088,0.0811,0.2828,0.1496,0.0779,0.1809,0.1552,0.392,0.932,0.2259,0.1648,0.2296,FCC
4,-10.7785,11.0707,1.9622,7.5824,1.7059,4.6712,10.4059,96.7647,163.7235,84.8588,0.0494,4.4865,2.5225,31.3149,17.436,0.2661,0.1967,0.0968,0.1723,0.0728,0.2671,0.0523,0.0671,0.11,0.1633,0.2759,0.373,0.3136,0.2078,0.3117,BCC
2,-14.3327,14.5336,1.9941,7.872,1.7,4.693,10.77,125.6,170.87,70.36,0.0632,6.3504,2.636,60.72,27.248,0.2683,0.2661,0.1565,0.1648,0.0751,0.2696,0.2098,0.0688,0.1109,0.1705,0.2745,0.5625,0.4344,0.227,0.4618,IM
2,-18.0456,14.4072,1.7539,9.02,1.75,4.5913,10.9125,106.875,178.45,78.85,0.0901,8.4325,4.5875,61.5625,31.2875,0.3535,0.4494,0.3614,0.4848,0.1344,0.378,0.3479,0.0734,0.231,0.2744,0.525,0.7884,0.5061,0.1772,0.3367,IM
1,-4.2687,13.381,7.0104,6.58,1.6,4.296,7.56,104.2,143.58,49.68,0.0506,10.3256,1.352,33.04,26.016,0.1559,0.3236,0.1214,0.2029,0.076,0.3062,0.2137,0.0335,0.1736,0.2611,0.2094,0.3377,0.69,0.2132,0.6103,IM
2,-2.8904,13.381,10.3533,10.446,1.8,4.74,9.92,173.6,203.52,95.32,0.0803,3.8464,3.656,86.32,32.344,0.2051,0.3729,0.334,0.4334,0.1207,0.2222,0.3529,0.0587,0.1813,0.2318,0.3858,0.5419,0.407,0.2097,0.3501,IM
2,-13.6701,13.9738,2.2749,7.3153,1.5294,4.3953,9.9647,101.1765,163.3588,63.0882,0.0635,7.649,3.9114,47.5433,32.8567,0.2767,0.3666,0.2794,0.3075,0.1103,0.4551,0.292,0.0264,0.2043,0.2544,0.5444,0.5946,0.5704,0.1887,0.4378,IM
2,-8.3701,14.3282,2.906,7.3693,1.9109,4.7003,13.4961,115.3466,159.9536,70.2545,0.0435,4.8849,3.6389,68.2405,27.1036,0.324,0.1632,0.2267,0.2889,0.0657,0.3301,0.0921,0.0679,0.19,0.2678,0.3908,0.695,0.4307,0.2048,0.3818,BCC+FCC
1,-3.857,14.4319,9.1037,9.5019,1.8679,4.1725,8.1472,107.0755,138.4509,36.0679,0.043,7.0771,2.524,41.0751,14.3638,0.1332,0.463,0.2429,0.4892,0.0823,0.2555,0.2061,0.0389,0.2439,0.237,0.5007,0.4394,0.4833,0.0748,0.2757,BCC
2,-5.4942,12.2572,4.0316,7.8321,1.8679,4.7045,12.0717,134.4338,169.8847,77.332,0.0299,1.9866,2.4208,56.4898,19.3856,0.2229,0.1282,0.1474,0.1797,0.0538,0.2555,0.0562,0.063,0.1213,0.1922,0.3198,0.5172,0.3328,0.202,0.3493,FCC
2,-8.8977,14.5318,2.499,6.7371,2,4.6229,15.5714,91.1428,143.7427,60.7571,0.0525,7.2922,4.9102,63.0611,27.6938,0.4195,0.1911,0.2859,0.3891,0.0725,0.378,0.1139,0.0677,0.2391,0.3265,0.3765,0.8663,0.498,0.1748,0.355,BCC
5,-14.2304,10.8337,1.7269,8.6078,1.3333,4.5333,10.2333,102,172.5889,50.8778,0.1098,8.6407,3.2593,44.2222,13.9877,0.3367,0.5068,0.2433,0.0344,0.0816,0.3536,0.2841,0.0692,0.0974,0.1027,0.3407,0.5809,0.333,0.1093,0.3324,IM
4,-11.021,14.5336,2.3695,7.243,1.9,4.646,12.87,112.3,164.38,78.09,0.0558,6.8236,4.65,66.76,27.094,0.3517,0.2331,0.3051,0.3357,0.0915,0.3684,0.2062,0.0677,0.2144,0.2963,0.481,0.6949,0.4249,0.1837,0.3132,IM
1,-4.2878,12.6311,6.9543,8.1666,1.86,4.2322,8.54,92.7,139.346,35.412,0.0419,6.1843,2.7368,32.716,15.7504,0.1352,0.3773,0.2641,0.5585,0.0691,0.2636,0.2275,0.0263,0.2501,0.2568,0.4895,0.4258,0.5221,0.0801,0.309,IM
2,-6.6612,14.2324,3.8872,8.04,1.8462,4.7,12.9615,183.6152,168.7306,77.8076,0.0394,3.2679,3.155,118.698,15.8036,0.2087,0.1497,0.1192,0.1098,0.078,0.1954,0.1457,0.0841,0.159,0.1458,0.3519,0.8102,0.2855,0.2061,0.3422,FCC
1,-10.1922,15.7452,2.6973,7.4345,1.8182,4.6873,12.7909,112.8182,159.3364,67.1818,0.0515,5.8413,3.2281,64.4959,28.238,0.3221,0.1989,0.192,0.2632,0.0734,0.3162,0.0965,0.0662,0.1722,0.241,0.3577,0.676,0.4621,0.21,0.4212,BCC+FCC
2,-9.0405,14.7411,3.4948,8.607,1.5405,4.7054,9.7685,149.9098,192.8016,83.9468,0.0757,5.6101,3.4575,66.0433,25.3356,0.2305,0.3284,0.2164,0.1137,0.0944,0.3235,0.2496,0.0619,0.0824,0.1499,0.3655,0.4947,0.3725,0.2081,0.3845,IM
4,-13.364,14.2324,1.7697,6.6669,2.0769,4.6169,14.5923,108.1538,154,67.6692,0.0542,8.0985,5.5432,76.1893,32.0639,0.41,0.2239,0.3445,0.4132,0.0918,0.3514,0.205,0.0703,0.2547,0.351,0.456,0.8085,0.5151,0.1814,0.3468,IM
4,1.6542,9.1338,13.5444,9.23,2,4.21,7.5,103.3333,139.9333,37.3333,0.0434,6.9667,1.8,31.1111,21.1778,0.1088,0.4089,0.2433,0.5776,0.0625,0,0.208,0.028,0.2484,0.2121,0.2574,0.3563,0.603,0.0897,0.3427,IM
1,-24.0976,13.2282,1.0432,6.4172,2,4.4978,12.756,124.12,150.442,37.142,0.0593,8.1624,4.4885,78.2496,7.8422,0.4025,0.3253,0.2967,0.3704,0.0783,0.3,0.2652,0.0697,0.2287,0.2408,0.4405,0.7177,0.2422,0.0726,0.2601,IM
1,-21.6486,14.8968,1.3157,8.3367,1.8333,4.43,10.6833,108,139.0667,47.3667,0.1178,14.6067,3.25,49.6667,23.3222,0.4343,0.544,0.1851,0.3226,0.1576,0.2033,0.2141,0.0925,0.162,0.2066,0.3576,0.4671,0.5536,0.1364,0.3823,BCC
2,-5.4408,8.0915,3.1527,6.3634,1.9308,4.347,9.2336,135.5365,159.9975,60.2249,0.0171,2.2053,2.342,22.97,19.2288,0.1915,0.1437,0.182,0.2337,0.0834,0.2332,0.1451,0.0225,0.1283,0.1882,0.4489,0.3131,0.4257,0.1203,0.293,BCC
4,-4.1236,11.5256,7.1001,9.2375,1.5,4.345,7.55,82.5,159.875,62,0.0603,7.165,1.325,12.5,29.8,0.1414,0.4349,0.206,0.4915,0.0385,0.3333,0.278,0.0216,0.1812,0.1938,0.2095,0.1793,0.5553,0.2289,0.5393,BCC
2,-6.4121,9.3906,3.0807,6.4266,1.9129,4.3592,9.476,134.1185,160.7498,62.9052,0.0209,2.765,2.8655,28.4385,22.8196,0.2115,0.1602,0.2051,0.2588,0.0913,0.2633,0.1631,0.0244,0.1439,0.2097,0.4876,0.3544,0.4477,0.1327,0.3071,BCC
1,-1.4998,9.5923,14.2085,6.2957,1.8571,4.2686,8.0714,122,147.1286,40.5143,0.0406,8.898,0.8694,29.7143,10.8939,0.0958,0.2573,0.1039,0.1762,0.0654,0.1884,0.1502,0.021,0.1532,0.1704,0.1517,0.2742,0.3075,0.0669,0.2249,IM
2,-7.8958,14.0751,3.3325,7.6813,1.8701,4.6338,12.1896,137.4025,173.7128,79.3571,0.0551,5.8459,3.6704,62.9111,23.1466,0.2881,0.2349,0.2771,0.2756,0.0864,0.3265,0.2104,0.0599,0.1792,0.2537,0.4391,0.5554,0.387,0.1706,0.3,IM
2,-8.3697,9.2311,1.6907,7.3387,2.0847,4.3144,19.6407,371.4408,135.3476,71.4153,0.0221,4.2944,3.3936,169.96,12.4119,0.2211,0.1054,0.1385,0.2049,0.0854,0.1336,0.187,0.0843,0.2515,0.1641,0.2014,0.5036,0.235,0.189,0.2497,BCC+FCC
2,-24.4262,13.381,0.8963,6.566,2.2,4.652,14.54,108.6,149.16,51.52,0.0607,9.6272,3.624,74.32,24.664,0.4097,0.2329,0.2193,0.3829,0.0855,0.1818,0.1125,0.0766,0.2297,0.2709,0.3233,0.7769,0.5002,0.141,0.3573,BCC+FCC
2,-18.6994,12.8252,1.529,7.9498,1.5349,4.5477,9.0581,75.5813,160.4394,65.7744,0.0809,9.7404,2.5041,12.1687,31.232,0.3602,0.4317,0.2103,0.3673,0.0859,0.325,0.2776,0.075,0.1618,0.1871,0.3036,0.176,0.5233,0.2297,0.4991,IM
1,-1.2339,12.3228,19.3168,7.2059,1.7031,4.3805,11.4135,192.1875,153.4318,79.9797,0.0344,4.0808,4.337,112.2233,18.7712,0.2137,0.1517,0.1456,0.1027,0.0635,0.2683,0.1896,0.0369,0.1531,0.1536,0.4795,0.7696,0.3027,0.2043,0.2973,BCC+FCC
4,-11.1173,12.8315,1.9536,7.4576,2,4.7768,13.6539,104.8887,163.0206,72.3914,0.0434,4.9969,3.2465,62.1565,24.1851,0.3211,0.1612,0.2168,0.292,0.0666,0.2836,0.0876,0.0731,0.191,0.2626,0.3695,0.7235,0.3919,0.1849,0.3398,BCC+FCC
2,-5.1771,12.1978,4.4605,8.2141,1.7317,4.7756,11.178,138.0485,177.3655,78.9535,0.037,0.8669,2.6175,61.9035,20.6532,0.189,0.1596,0.1182,0.0861,0.0559,0.2559,0.1187,0.0625,0.0687,0.1484,0.2725,0.5226,0.3379,0.2293,0.4036,IM
2,-18.3176,13.1453,1.6336,8.3378,1.5556,4.5344,8.9444,76.6666,161.8109,65.9222,0.0831,9.6148,2.4938,12.5926,29.9753,0.3572,0.4588,0.2231,0.4047,0.0868,0.3194,0.2833,0.0748,0.163,0.1837,0.3063,0.1819,0.5105,0.2244,0.4905,IM
2,-3.7357,14.8707,6.5828,7.5724,1.7931,4.6938,13.9104,106.8967,157.076,67.2863,0.0457,4.2597,3.635,65.2439,26.6695,0.32,0.1689,0.2278,0.2714,0.0641,0.3699,0.102,0.0635,0.1872,0.2566,0.3621,0.7292,0.4349,0.1922,0.3762,BCC+FCC
4,-10.3848,14.5339,2.5078,7.5087,1.9168,4.705,13.0259,135.7236,170.2345,71.8058,0.0544,6.0524,4.0039,79.0767,29.9044,0.3241,0.2185,0.2793,0.3061,0.0843,0.3339,0.188,0.0671,0.198,0.2809,0.4346,0.6517,0.4649,0.2022,0.3958,IM
2,-18.2472,14.6974,1.449,7.0309,1.9091,4.6582,12.2,113.7272,157.3544,64.9999,0.0564,8.1229,3.0545,63.8346,30.6182,0.3446,0.2215,0.1752,0.293,0.0811,0.2694,0.0873,0.0702,0.1788,0.2523,0.3647,0.6645,0.5098,0.2197,0.459,IM
1,-3.498,16.1784,12.6898,11.3129,1.7143,4.2829,6.5286,157.5714,183.2429,66.1571,0.0356,7.3478,1.2694,68.6531,43.2367,0.1715,0.3851,0.2092,0.4437,0.2264,0.2635,0.1767,0.0541,0.2652,0.3306,0.2641,0.5235,0.7571,0.1385,0.3955,IM
1,-0.1236,11.5256,209.8573,6.4275,1.75,4.245,7.9,107.75,139.65,33.475,0.0443,7.975,1.35,37.75,12.025,0.1111,0.3007,0.1342,0.2261,0.0768,0.2474,0.1735,0.0267,0.1945,0.2247,0.2023,0.3577,0.3731,0.0594,0.2421,BCC
4,-5.6334,13.1453,5.4476,10.3222,1.7778,4.6333,8.8778,152.3333,199.2333,102.4778,0.0794,4.6489,3.2642,70.0741,29.5753,0.2423,0.4023,0.3211,0.4772,0.1379,0.2339,0.3494,0.0615,0.1915,0.2096,0.3924,0.5907,0.3352,0.1544,0.2337,IM
1,-29.4055,12.5108,0.7824,7.103,1.9,4.619,11.26,97.8,146.31,44.64,0.1039,13.228,2.82,51.92,23.668,0.4333,0.4275,0.1181,0.2716,0.1398,0.1579,0.1668,0.0941,0.1902,0.2441,0.2966,0.6413,0.5972,0.13,0.4181,IM
2,-4.427,13.381,6.2767,8.61,1.6,4.75,10.04,157.6,194.98,88.66,0.0654,3.7056,3.512,67.12,24.352,0.2051,0.2748,0.212,0.1198,0.0854,0.3062,0.2109,0.0573,0.0842,0.1577,0.3646,0.471,0.331,0.2058,0.3541,IM
4,-7.9257,15.9242,3.4506,7.5098,1.7541,4.6784,13.0689,106.8033,156.8508,64.8328,0.0535,5.7621,3.2325,62.0962,27.771,0.326,0.2062,0.1962,0.2587,0.074,0.337,0.106,0.0637,0.1723,0.2361,0.3435,0.6993,0.4697,0.2013,0.4187,BCC+FCC
4,-2.2447,13.381,15.5705,9.222,1.6,4.356,7.48,122.2,180.46,61.42,0.0425,4.8416,1.416,50.64,27.984,0.1265,0.3476,0.1871,0.4574,0.1431,0.3062,0.193,0.0286,0.1585,0.1918,0.2294,0.4926,0.561,0.1067,0.2979,BCC
2,-16.7778,14.8549,1.6141,7.2965,1.8696,4.6357,12.9,110.0869,159.8174,66.0217,0.0622,7.7804,4.1739,63.5917,28.2208,0.3515,0.2702,0.2872,0.3008,0.0726,0.3633,0.266,0.0723,0.1997,0.27,0.4398,0.7003,0.4626,0.2039,0.4114,IM
4,-10.125,13.381,2.5237,7.382,1.8,4.606,12,110,170.92,86.42,0.0598,7.284,5.16,64,26.144,0.3534,0.2817,0.3347,0.3462,0.107,0.4157,0.2526,0.0633,0.2218,0.2945,0.5497,0.6736,0.3833,0.1454,0.2346,IM
2,-4.5175,13.2541,6.3112,8.7573,1.5455,4.7364,9.5909,164.1817,201.3453,91.8454,0.0729,4.5937,3.6826,68.1983,25.6132,0.211,0.3108,0.2238,0.1242,0.0901,0.3222,0.2258,0.0555,0.0865,0.1567,0.3929,0.4493,0.3238,0.1964,0.3373,IM
5,-6.9571,12.5685,3.3874,8.0286,1.7619,4.7657,11.2238,135.7143,174.5429,77.2048,0.0384,1.9474,2.4898,62.6531,22.6599,0.2117,0.1562,0.0942,0.1311,0.0618,0.2417,0.0399,0.0633,0.0887,0.1639,0.2635,0.5357,0.3675,0.2317,0.417,FCC
4,-10.6145,12.2284,2.3893,5.836,1.7,4.35,9.97,73.6,136.46,48.35,0.0361,7.4154,2.91,22.6,26.77,0.1992,0.2277,0.2323,0.3241,0.0294,0.3767,0.2564,0.0177,0.2075,0.2834,0.4826,0.4152,0.7085,0.2112,0.578,BCC
2,-18.086,14.5342,1.3202,6.52,2.0833,4.6225,14.2667,101.7502,147.8002,62.5084,0.0518,8.5489,4.6667,66.5001,30.5584,0.4041,0.1998,0.2653,0.3825,0.077,0.3072,0.1115,0.0723,0.2324,0.3216,0.4159,0.7909,0.523,0.2004,0.4041,BCC
2,-12.3122,15.7063,2.9435,8.55,1.6667,4.4289,9.7555,129.4443,178.5109,76.9888,0.0712,7.5393,4.0839,71.6049,38.5012,0.2759,0.4077,0.3293,0.5145,0.1492,0.4,0.3233,0.0265,0.2484,0.3021,0.5658,0.6711,0.5772,0.1892,0.3822,IM
2,-5.5406,10.9151,6.0079,12.5812,1.3994,4.3998,6.1216,153.8437,219.4716,85.7987,0.0292,3.1572,0.935,76.6892,36.8754,0.0907,0.2875,0.0998,0.3193,0.1819,0.35,0.0853,0.0352,0.0853,0.1661,0.1661,0.5307,0.4688,0.119,0.2695,BCC
4,-4.6301,15.995,6.0635,7.62,1.7619,4.6635,12.7365,115.6032,160.7825,66.8921,0.0509,3.6082,3.4991,60.9877,24.9282,0.3108,0.1896,0.2064,0.2282,0.0666,0.331,0.1306,0.0652,0.1563,0.2155,0.3641,0.6276,0.4115,0.1867,0.38,IM
4,-5.0457,13.1453,3.8986,7.2922,2,4.6678,16.1222,111.2222,150.1,53.3333,0.0431,6.1017,3.5802,80.2469,19.1556,0.3584,0.1657,0.2307,0.3412,0.0626,0.3333,0.1162,0.0643,0.2234,0.2511,0.2685,0.8006,0.3978,0.1195,0.2831,IM
2,-1.9817,14.316,14.446,8.5455,1.6,4.7525,10.62,148.6,188.615,84.84,0.0601,3.0288,3.424,66.74,23.522,0.2096,0.2511,0.2123,0.1131,0.0793,0.3062,0.2026,0.057,0.0957,0.1633,0.3531,0.5101,0.3478,0.2066,0.364,IM
4,-11.9371,11.2386,1.7994,7.4943,1.7143,4.6614,10.4,95.7143,162.3571,83.1,0.0515,5.2922,2.4571,31.0204,18,0.2774,0.2058,0.0954,0.185,0.0752,0.2635,0.0549,0.0674,0.116,0.1717,0.2721,0.3771,0.3389,0.2143,0.3293,BCC
4,-8.4419,15.4329,3.2627,7.66,1.7619,4.7067,12.2762,117.4762,163.1476,68.9905,0.0496,4.9298,2.8916,64.0181,27.5156,0.292,0.195,0.1631,0.222,0.0716,0.2985,0.0882,0.0646,0.1501,0.2146,0.3268,0.6379,0.4438,0.2151,0.4278,FCC
4,2.5162,11.5256,12.0091,10.76,1.75,4.195,7.575,103.25,149.35,40.7,0.0449,5.15,1.3125,34.875,14.4,0.1111,0.4661,0.1849,0.4293,0.0758,0.2474,0.1847,0.0412,0.2177,0.1703,0.2061,0.4134,0.4325,0.0656,0.226,BCC
4,-13.4282,11.466,1.376,6.3898,2.0706,4.5844,14.422,75.412,142.5932,73.719,0.0464,7.8681,5.5607,41.4408,26.973,0.412,0.1769,0.2956,0.3917,0.0708,0.3517,0.1054,0.0709,0.2396,0.3409,0.4553,0.6594,0.4336,0.1615,0.2617,IM
1,0.8097,10.8506,30.4733,8.2969,2,4.1519,7.6313,114.3125,124.5375,28.9938,0.0475,6.975,1.9266,44.3125,10.1414,0.0802,0.4359,0.1904,0.5369,0.075,0,0.1753,0.0405,0.1922,0.1635,0.2626,0.408,0.5352,0.0624,0.2708,BCC
2,-10.1583,11.2386,2.9721,10.5257,1.5714,4.3686,8.7714,119.2856,191.1284,70.9999,0.0377,2.7486,4.2367,63.2652,30.1142,0.1852,0.3973,0.2778,0.432,0.1579,0.4635,0.2195,0.0338,0.1968,0.251,0.6968,0.6275,0.5077,0.1023,0.2429,IM
1,-1.0344,10.085,17.3421,7.8113,1.875,4.4625,13.825,242.875,159.2125,79.6125,0.0201,3.9694,3.9375,131.0938,10.6094,0.1124,0.0805,0.1089,0.0589,0.0732,0.1764,0.1497,0.0592,0.1736,0.1274,0.3604,0.6349,0.2339,0.1947,0.2818,IM
1,-13.221,7.5836,0.6923,4.3038,2.619,4.4524,20.0286,49.5714,108.3762,43.5333,0.0346,7.4707,5.102,49.3878,21.073,0.5692,0.1756,0.3702,0.5974,0.0664,0.2493,0.1159,0.0697,0.3046,0.4492,0.2968,1.4226,0.6404,0.1362,0.3041,IM
4,-13.1096,15.9087,2.1156,7.1607,1.7826,4.6379,12.736,101.3735,152.1,60.0144,0.0636,8.0073,3.1951,58.0397,28.7388,0.3652,0.244,0.1863,0.2884,0.0839,0.3149,0.1112,0.0651,0.1771,0.2408,0.3392,0.7083,0.526,0.2006,0.4536,IM
2,-4.4773,13.3573,6.2892,8.6723,1.5769,4.7442,9.85,160.3847,197.6732,90.0078,0.0689,4.1113,3.5962,67.7516,24.9704,0.2078,0.2907,0.218,0.122,0.0877,0.3133,0.2185,0.0566,0.0853,0.1575,0.377,0.462,0.3283,0.2019,0.3471,IM
1,3.1664,11.5256,9.7133,11.2625,1.75,4.125,6.475,125.75,148.525,39.775,0.0245,8.025,0.425,35.75,15.325,0.1111,0.3015,0.158,0.3529,0.086,0.2474,0.1088,0.0388,0.2227,0.2198,0.0834,0.2969,0.4667,0.074,0.2667,BCC
4,-0.5904,12.2284,44.825,6.512,1.9,4.222,8.26,107.5,129.32,30.26,0.0476,7.513,1.568,43.5,10.024,0.1066,0.3417,0.1189,0.3962,0.0812,0.1579,0.1564,0.0357,0.1803,0.1887,0.2163,0.4153,0.3784,0.055,0.2306,BCC
4,-13.7992,14.1674,1.8556,6.9305,1.8947,4.5921,12.6316,94.7368,158.1211,79.1737,0.0561,7.9493,4.8997,51.7452,26.923,0.3765,0.2495,0.3116,0.3608,0.0993,0.3788,0.2119,0.0665,0.2247,0.3074,0.5042,0.681,0.4313,0.1722,0.2826,IM
2,-22.5212,13.1453,1.0006,6.9955,2.1111,4.6933,13.5333,118.9999,156.9221,53.9999,0.0598,9.1348,2.3555,73.3332,25.2,0.3621,0.2324,0.167,0.3253,0.0846,0.1489,0.0918,0.075,0.1973,0.2316,0.2806,0.6943,0.4816,0.1476,0.379,BCC+FCC
2,-4.9275,14.8968,4.9268,7.41,1.8333,4.68,14.2334,103.8335,154.4836,66.0168,0.0469,4.963,3.9445,65.1113,27.0501,0.3411,0.1741,0.2408,0.2971,0.0662,0.3748,0.1049,0.0646,0.199,0.272,0.3688,0.755,0.448,0.1889,0.3724,BCC+FCC
1,-3.4583,13.2417,6.092,6.9687,1.7826,4.5696,14.4087,74.7826,142.0826,70.0913,0.0522,6.0329,4.9924,39.3195,27.6881,0.3924,0.1938,0.2771,0.3362,0.0696,0.4363,0.1062,0.0561,0.2056,0.3022,0.4152,0.6277,0.4411,0.1691,0.2936,IM
5,-10.3281,12.9664,2.8029,7.32,1.875,4.2363,9.5875,86.875,134.2,33.2875,0.0448,6.0769,3.8094,34.8438,12.8594,0.1556,0.3674,0.2977,0.5493,0.0715,0.3197,0.2514,0.026,0.2604,0.2845,0.5781,0.4959,0.4745,0.0793,0.3049,IM
4,-10.7513,14.2324,2.3616,7.6223,1.9231,4.7508,13.0077,115.8462,170.1538,75.9769,0.0558,5.7531,3.6828,70.2722,25.3396,0.3233,0.2198,0.2699,0.2942,0.0823,0.32,0.1804,0.071,0.1925,0.2655,0.4179,0.698,0.4069,0.1814,0.3314,IM
2,-13.0002,15.6119,2.359,8.1241,1.7143,4.6377,12.0792,167.4674,169.3959,72.0869,0.0637,6.02,3.58,108.5881,20.7701,0.2512,0.2849,0.1996,0.1027,0.0815,0.2635,0.286,0.0843,0.1535,0.1344,0.3863,0.8465,0.338,0.2105,0.3928,IM
1,-9.9033,11.0031,1.7477,7.2111,2.14,4.4567,17.103,233.95,143.29,73.311,0.03,6.5351,4.9451,180.914,12.3511,0.278,0.1276,0.1816,0.2619,0.087,0.1621,0.1771,0.0838,0.2514,0.2174,0.2931,0.839,0.2442,0.1187,0.1791,IM
1,-1.2347,13.2541,26.298,9.0436,1.6364,4.2055,6.8818,141.7273,153.1455,45.7545,0.0375,8.4198,1.3587,52.1653,28.3438,0.172,0.3869,0.141,0.3516,0.1964,0.294,0.133,0.0595,0.2191,0.2833,0.2481,0.4235,0.8173,0.1064,0.3822,BCC
1,-0.2176,5.7628,46.2931,8.875,2,5.075,13.55,159,191.95,61.8,0.0119,0.255,0.25,94,21.4,0.0526,0.0345,0.0114,0.0039,0.0079,0,0.0057,0.0148,0.0109,0.1429,0.0185,0.5912,0.3463,0.1425,0.3846,FCC
1,-11.9359,13.1453,2.5855,8.2422,1.3333,4.57,8.3333,151.7778,189.9667,73.6333,0.0737,7.8464,2.8444,79.7531,40.4148,0.26,0.3876,0.1915,0.2025,0.1258,0.3536,0.2565,0.0558,0.1331,0.195,0.3907,0.5339,0.5584,0.2333,0.537,IM
4,-28.6605,16.1784,1.0074,6.4943,2.1429,4.5157,12.4,119.1429,145.0714,46.7286,0.0736,11.5122,3.8571,62.1224,21.2612,0.4212,0.3432,0.215,0.3281,0.1161,0.1633,0.1771,0.0833,0.2157,0.2601,0.4243,0.6149,0.523,0.1336,0.3791,BCC
1,2.4444,10.9231,10.6116,7.545,1.7,4.229,7.64,97,139.58,32.11,0.0323,6.696,1.536,32.4,12.792,0.1113,0.2994,0.1887,0.4547,0.0737,0.2696,0.1863,0.0282,0.226,0.2491,0.2322,0.3775,0.4736,0.0565,0.248,BCC
1,-10.6507,11.0999,1.6263,7.1655,2.15,4.457,17.335,235.25,142.165,72.77,0.0311,6.5715,4.935,185.325,13.071,0.2877,0.1313,0.1858,0.2715,0.088,0.1661,0.1787,0.0857,0.2562,0.2248,0.2885,0.8479,0.253,0.1212,0.183,IM
1,0.8352,11.0707,30.7636,9.1065,2,4.1118,7.3235,124.4118,124.1824,29.3647,0.0438,6.6609,1.692,43.6332,9.3495,0.0782,0.4763,0.1797,0.4923,0.0758,0,0.1612,0.0425,0.1865,0.1586,0.2556,0.3751,0.5104,0.0614,0.2595,BCC
5,-5.9555,13.3785,4.1872,7.9332,1.8499,4.6724,11.6794,146.6774,170.1813,79.428,0.0357,2.0974,2.3213,58.9615,13.8637,0.2047,0.1478,0.1041,0.1087,0.0633,0.1931,0.105,0.0719,0.1019,0.1322,0.2939,0.6657,0.2609,0.1795,0.3005,FCC
2,-14.3844,11.3813,1.8173,8.7867,1.8889,4.3489,12.0667,96.111,166.2776,61.711,0.0532,2.3453,7.6889,61.2345,30.8345,0.2558,0.4101,0.4276,0.5877,0.1446,0.4632,0.3236,0.0311,0.295,0.3593,0.6786,0.8217,0.5871,0.0907,0.2131,IM
1,2.0817,10.9819,13.7425,9.3262,1.625,4.2637,7.6375,88.75,155.75,40.9625,0.0314,3.7078,1.2812,20.9375,14.1719,0.1047,0.3381,0.1972,0.486,0.0551,0.2979,0.1862,0.0201,0.2061,0.2041,0.2041,0.3057,0.4455,0.0728,0.2666,IM
1,-2.1555,11.5256,10.2837,7.165,1.75,4.35,12,220.25,151.775,80.975,0.0301,4.3925,4.85,139.875,17.025,0.172,0.1276,0.1446,0.0909,0.0612,0.2474,0.2043,0.0381,0.1716,0.1528,0.4956,0.7406,0.2829,0.2018,0.2799,BCC
2,-2.3375,11.5256,11.9755,7.455,1.5,4.32,7.1,130,166.625,51.925,0.0257,6.93,1.65,60,35.8875,0.1746,0.2206,0.166,0.2892,0.1852,0.3333,0.1563,0.0451,0.222,0.3044,0.2758,0.5131,0.8133,0.125,0.4374,BCC
1,-7.6467,13.3079,3.3382,7.8945,1.7872,4.7149,10.8319,139.7234,174.4404,75.4319,0.0444,1.7543,2.7252,52.9561,22.5124,0.2304,0.1674,0.1042,0.1257,0.0625,0.229,0.085,0.068,0.0625,0.1479,0.2753,0.4783,0.3517,0.2151,0.401,IM
1,-8.6767,10.8185,2.325,8.0305,1.7167,4.8486,11.448,130.09,176.0587,76.1797,0.0478,2.2327,3.3636,77.0236,28.4135,0.2501,0.1682,0.1379,0.1714,0.0681,0.2988,0.0546,0.0624,0.1171,0.1936,0.3485,0.6481,0.4206,0.2552,0.4725,IM
1,-1.9299,11.9817,12.1915,7.1719,1.6944,4.3931,10.7833,176.6667,155.2417,80.4528,0.0345,3.919,3.9259,89.8148,19.4969,0.211,0.1507,0.1352,0.103,0.061,0.2719,0.1765,0.0342,0.1372,0.1526,0.467,0.751,0.3077,0.2057,0.3032,BCC+FCC
1,-7.3738,14.6974,4.7407,9.2545,1.9091,4.1764,8.7091,103.7273,136.3,35.8182,0.0461,6.9904,3.2496,42.0165,14.0231,0.1443,0.4769,0.2709,0.5119,0.0826,0.2694,0.2249,0.0385,0.2524,0.2493,0.5672,0.4752,0.4791,0.0775,0.28,BCC
2,2.5489,13.381,13.245,9.91,1.8,4.166,7.22,112.6,142,36.48,0.0371,7.192,1.224,39.12,14.896,0.1113,0.4232,0.1888,0.4508,0.0813,0.2222,0.1702,0.0396,0.2285,0.2147,0.217,0.3775,0.4897,0.0696,0.2651,BCC
2,-16.9206,14.541,1.8562,9.0493,1.8,4.6107,11.1533,108.6665,178.8132,81.3666,0.0879,8.2896,4.6364,64.7109,30.0178,0.3534,0.4337,0.3734,0.4989,0.1343,0.3629,0.355,0.0736,0.2389,0.2832,0.5234,0.7981,0.4912,0.1738,0.3172,IM
2,-7.2091,8.1517,1.7306,7.3616,2.0699,4.2769,20.0007,393.9162,133.3636,72.5664,0.0189,3.6868,2.9513,152.8201,10.564,0.2019,0.0971,0.1261,0.1856,0.0809,0.1232,0.18,0.0796,0.2396,0.149,0.1838,0.4488,0.2129,0.181,0.2283,BCC+FCC
2,-4.2391,6.512,3.2827,6.2978,1.9495,4.3343,8.9818,137.0101,159.2162,57.4404,0.0128,1.6184,1.7612,17.0727,14.8867,0.1664,0.1238,0.1548,0.2025,0.0731,0.198,0.1238,0.0199,0.1096,0.1621,0.397,0.2653,0.3897,0.1045,0.2686,BCC
2,-5.0751,13.381,7.0714,9.846,1.6,4.366,6.58,166,194.84,72.94,0.0295,6.9984,1.736,83.2,53.928,0.1789,0.2791,0.2318,0.5237,0.2185,0.3062,0.1959,0.0451,0.2754,0.3536,0.3096,0.5633,0.7747,0.1591,0.4489,IM
4,-6.3109,13.381,5.0124,8,1.4,4.44,7.74,138.2,184.22,82.14,0.0604,6.0976,1.848,42.56,29.568,0.1826,0.3291,0.1697,0.1724,0.1171,0.3499,0.2447,0.027,0.0885,0.1401,0.2965,0.3868,0.4037,0.1999,0.368,IM
1,-18.4619,13.381,1.487,7.114,2,4.172,10.64,95.6,119.6,28.5,0.0546,7.1648,5.184,52.72,5.64,0.1581,0.4468,0.3055,0.514,0.0908,0.3162,0.2531,0.0404,0.236,0.2819,0.6256,0.6092,0.256,0.0725,0.2776,IM
2,-5.9839,14.8707,4.4551,7.8207,1.6552,4.7007,12.0621,113.1036,162.1243,66.4725,0.0534,4.9575,2.6254,60.9632,27.5113,0.2827,0.2114,0.1393,0.1892,0.0742,0.2872,0.0952,0.0615,0.1347,0.1888,0.2738,0.6361,0.4569,0.2104,0.4428,IM
2,-11.5385,16.0778,3.1791,8.5906,1.7333,4.4413,9.9466,134.6664,180.033,81.4732,0.0684,7.3779,4.4498,78.3109,40.2186,0.2827,0.3935,0.3533,0.5605,0.1556,0.3922,0.3357,0.0265,0.2721,0.3292,0.5985,0.6916,0.5726,0.1933,0.3679,IM
1,-2.15,14.8968,18.8346,11.4933,1.8333,4.23,6.7667,145.5,169.6167,56.5667,0.0336,7.4722,1.3222,65.5,37.6556,0.1597,0.4123,0.2267,0.4699,0.2209,0.2033,0.1898,0.0491,0.2865,0.3507,0.259,0.5716,0.8447,0.1255,0.4002,IM
1,-17.2758,13.381,1.2038,6.586,2,4.582,15.12,68,136.78,52.9,0.068,9.1952,4.024,32.8,23.56,0.4427,0.2568,0.2356,0.3845,0.0873,0.3162,0.1377,0.0682,0.2211,0.2714,0.3143,0.6554,0.4786,0.1199,0.2719,FCC
1,-13.062,13.381,2.1923,6.64,1.6,4.402,10.48,95,158.5,66.36,0.0439,6.4744,5.248,54,42.192,0.243,0.2649,0.3265,0.41,0.132,0.5,0.2986,0.0286,0.2539,0.3332,0.6466,0.7605,0.6561,0.2148,0.4661,FCC
2,-8.9521,13.381,3.7001,9.512,1.6,4.436,8,138,184.52,83.48,0.0723,8.3528,2.4,73.6,41.816,0.2287,0.4379,0.2785,0.5402,0.1653,0.3062,0.326,0.0227,0.2407,0.2709,0.3319,0.66,0.5817,0.2313,0.4429,BCC+FCC
2,-8.5309,12.6944,2.3609,7.4725,2.125,4.7556,15.1937,122.9375,161.125,59.7063,0.0365,5.5821,3.3406,78.5625,22.6438,0.3187,0.1457,0.2083,0.3119,0.059,0.2278,0.1012,0.0708,0.2067,0.2532,0.2765,0.7169,0.387,0.133,0.297,BCC+FCC
2,-7.2589,14.7843,3.21,7.0477,1.9231,4.6492,14.9538,96.9999,148.6999,63.1846,0.0501,6.3429,4.5278,64.3076,27.5834,0.3849,0.1841,0.2666,0.349,0.07,0.3795,0.1103,0.0666,0.2222,0.303,0.3763,0.8139,0.4757,0.1814,0.3635,BCC+FCC
1,-19.5156,14.841,1.2877,6.61,2.0333,4.625,13.5967,104,149.63,62.2133,0.0543,8.7476,4.0691,65,30.8533,0.3921,0.2128,0.2411,0.3608,0.0796,0.2974,0.1082,0.0717,0.2186,0.3028,0.411,0.756,0.5307,0.2065,0.428,IM
4,-12.0407,10.9479,1.5382,7.2413,1.9803,4.7334,13.4365,77.9819,156.8651,79.388,0.0473,5.4998,3.6624,33.6003,18.0854,0.3452,0.1725,0.2326,0.3078,0.0697,0.3112,0.0912,0.0767,0.2002,0.2669,0.4051,0.5517,0.335,0.1447,0.236,IM
1,-5.0409,13.381,7.7362,11.88,1.6,4.406,6.72,156,210.58,82.84,0.0356,3.6176,1.624,91.2,46.008,0.1439,0.3466,0.2016,0.4577,0.1946,0.3062,0.1901,0.0321,0.21,0.2675,0.298,0.6236,0.6071,0.1425,0.3429,BCC
5,-4.3042,12.9773,5.3955,8.1424,1.8136,4.8261,12.3269,117.992,173.2757,77.2196,0.0372,1.5624,2.4801,62.2525,19.8279,0.2212,0.1373,0.1435,0.1588,0.0553,0.2644,0.0633,0.0643,0.1186,0.1794,0.2983,0.6198,0.331,0.1988,0.357,FCC
2,-10.4657,13.2541,2.1473,7.1745,2,4.6691,13.5636,117.8181,158.6453,70.8272,0.0411,5.5196,3.7355,66.7107,26.2016,0.3269,0.1553,0.2308,0.3063,0.065,0.3015,0.0891,0.0686,0.1959,0.276,0.3973,0.667,0.421,0.1977,0.3598,BCC
1,-4.3121,11.5256,6.5946,10.15,1.75,4.4625,7.7,172.75,197.7,100.725,0.0666,4.8175,2.35,68.625,35.025,0.1744,0.3898,0.2938,0.5303,0.1567,0.2474,0.3424,0.0215,0.2053,0.2387,0.3536,0.4774,0.3943,0.1818,0.2783,IM
2,0.5553,13.1453,42.9575,8.2867,1.6667,4.7722,11.8778,129.5554,173.0554,76.2777,0.0361,0.6488,2.558,63.9505,22.3852,0.1918,0.1349,0.1292,0.0858,0.0517,0.2828,0.0673,0.0585,0.0946,0.1586,0.2795,0.5702,0.352,0.2175,0.3952,FCC
1,-3.3535,12.9758,9.5405,7.695,1.5,4.3633,6.9667,148.5,181.4333,63.55,0.0323,7.53,1.6333,54.8333,40.1,0.1633,0.2552,0.1588,0.2794,0.181,0.3333,0.149,0.0438,0.1921,0.273,0.2664,0.4422,0.6882,0.1342,0.3883,IM
1,-7.1172,12.6291,3.1375,7.5939,1.92,4.6805,12.617,134.58,166.177,73.834,0.0332,3.3453,2.8984,60.8388,22.9691,0.2584,0.135,0.1799,0.2296,0.0573,0.2724,0.0697,0.0634,0.1508,0.2243,0.3552,0.5533,0.3748,0.2038,0.3662,IM
1,-6.2639,12.7028,4.7859,9.3753,1.7368,4.4263,8.0789,143.4211,179.6579,88.5105,0.0623,5.3609,2.0748,38.5319,28.0975,0.1919,0.3731,0.2594,0.487,0.1317,0.2535,0.3122,0.0247,0.1613,0.2055,0.3081,0.4345,0.3775,0.1913,0.3091,IM
1,-4.1737,13.9934,5.9579,7.8939,1.7826,4.7454,12.4326,125.5435,168.4783,74.4674,0.0385,2.451,2.9849,66.0491,24.2599,0.2524,0.1475,0.1725,0.1945,0.0588,0.3075,0.0753,0.0634,0.1399,0.2093,0.3452,0.6119,0.3821,0.2147,0.3906,FCC
2,-6.3146,13.381,6.0135,12.004,1.6,4.39,5.62,176,207.18,96.78,0.0544,9.1208,0.656,75.2,41.944,0.1481,0.5124,0.216,0.43,0.2183,0.3062,0.2421,0.0475,0.2381,0.2979,0.13,0.4735,0.4931,0.2213,0.4052,IM
2,6.278,11.5256,3.2665,8.2125,1.5,4.6625,12.125,135.75,165.825,70.925,0.0387,1.1588,3.125,65.75,27.075,0.2121,0.147,0.1637,0.0878,0.052,0.3333,0.0855,0.0438,0.104,0.1734,0.3166,0.5634,0.4171,0.23,0.4404,FCC
1,-5.1281,10.8668,4.551,7.7497,1.6875,4.4313,8.5625,131.875,166.5625,83.9094,0.04,3.9656,2.0234,28.1641,23.6873,0.1959,0.2322,0.1814,0.3575,0.0857,0.2747,0.2263,0.0223,0.1067,0.1687,0.2786,0.3126,0.3432,0.2041,0.3183,BCC
1,-16.074,13.8767,1.3747,6.43,2.1333,4.62,14.9367,99.5,145.97,62.8033,0.0494,8.3502,5.198,68,30.2633,0.4159,0.1861,0.2865,0.4037,0.0743,0.3141,0.1121,0.0728,0.2455,0.3398,0.4143,0.8263,0.5153,0.1931,0.3795,IM
1,-1.3792,10.3298,16.6871,6.325,1.8333,4.2633,8.0333,118.8333,145.4667,38.95,0.0433,9.0833,0.9889,32.5556,11.6667,0.101,0.2732,0.1116,0.189,0.069,0.2033,0.1575,0.0225,0.1642,0.1839,0.1641,0.2958,0.3287,0.0674,0.236,IM
5,-3.1344,11.3907,6.6956,8.2911,1.8214,4.8107,11.7286,140.75,178.6321,77.6036,0.0301,0.3261,1.9745,61.4107,18.6018,0.1625,0.1156,0.0871,0.0809,0.0475,0.2103,0.0278,0.0612,0.0634,0.1438,0.2294,0.516,0.3163,0.2092,0.3815,FCC
2,-10.3677,12.8852,2.375,7.12,1.8571,4.5586,12.6714,113.5713,171.2713,83.5713,0.0578,7.4327,6.4245,76.9387,31.7673,0.3883,0.3077,0.394,0.4187,0.1205,0.4485,0.2871,0.0595,0.2631,0.3488,0.594,0.75,0.4544,0.1321,0.2281,BCC
3,-10.248,13.3319,2.2422,7.3358,1.9474,4.7074,13.2211,119.8421,161.9737,71.8947,0.0423,4.917,3.5546,68.7645,26.7435,0.3162,0.1573,0.2206,0.2878,0.0656,0.3105,0.085,0.0692,0.1863,0.2667,0.3994,0.6717,0.4231,0.2106,0.384,BCC+FCC
1,-7.1558,14.4082,3.5517,7.7179,1.87,4.6601,13.379,175,163.902,76.122,0.036,4.1069,3.5964,109.2,20.8579,0.2442,0.1379,0.1709,0.1988,0.0735,0.269,0.1222,0.0765,0.1817,0.2112,0.3849,0.7993,0.3525,0.2225,0.3674,IM
4,-17.4609,14.677,1.5299,6.699,1.9048,4.5671,12.4,91.4286,154.1,73.8524,0.0568,8.8593,4.6095,48.7075,31.454,0.3901,0.2627,0.2951,0.3707,0.104,0.3588,0.2019,0.0658,0.2247,0.3107,0.4919,0.6804,0.4927,0.1922,0.3387,IM
5,-8.368,12.8252,2.8761,7.9465,1.7674,4.7556,11.2,133.9535,173.1791,75.9512,0.0415,2.7868,2.4651,62.834,23.8821,0.2252,0.1676,0.0932,0.147,0.0652,0.239,0.0433,0.0642,0.0967,0.1697,0.2613,0.5431,0.3844,0.2323,0.4262,FCC
