Pm,ρ,α,ad-e/n,δ-e/n,δ-Ec,Phase
3,7.2059,11.4135,0.0344,0.1517,0.1896,BCC+FCC
1,7.6702,13.6526,0.0489,0.1711,0.1021,BCC+FCC
2,7.625,7.2,0.0417,0.2799,0.2418,BCC
3,7.2567,16.871,0.0288,0.1238,0.1753,IM
3,8.1375,13.0576,0.0382,0.1606,0.185,IM
3,7.735,12.5167,0.0418,0.164,0.166,IM
1,8.2642,10.6474,0.064,0.2778,0.2485,IM
1,7.8254,11.7461,0.0666,0.2958,0.2501,IM
3,6.43,14.9367,0.0494,0.1861,0.1121,IM
3,6.2737,8.1,0.0388,0.2433,0.1435,IM
3,7.0156,12.5977,0.0666,0.257,0.1123,IM
3,8.6012,8.9882,0.0537,0.3846,0.245,BCC
3,8.4585,7.635,0.0348,0.3393,0.1955,BCC
1,7.104,13.74,0.0443,0.163,0.093,BCC
3,6.6221,10.2316,0.0369,0.233,0.2496,BCC
1,8.481,11.2,0.0525,0.2217,0.1849,IM
3,8.5109,9.6217,0.0497,0.3554,0.2614,BCC
3,7.462,8.54,0.0546,0.3367,0.2141,IM
3,7.1684,14.6351,0.0315,0.1312,0.1504,IM
3,7.2111,17.103,0.03,0.1276,0.1771,IM
1,6.1029,14.6428,0.0536,0.2179,0.1231,IM
3,7.1133,13.585,0.0558,0.225,0.17,IM
1,10.446,9.92,0.0803,0.3729,0.3529,IM
3,7.3575,7.725,0.0336,0.2205,0.1796,BCC
1,8.5599,10.1928,0.0622,0.2613,0.2033,IM
3,9.9391,7.0273,0.0374,0.4032,0.1621,BCC
4,7.3902,14.8853,0.032,0.132,0.1544,FCC
3,6.8042,7.5889,0.0347,0.2737,0.1713,BCC
1,7.12,12.6714,0.0578,0.3077,0.2871,BCC
3,7.5098,13.0689,0.0535,0.2062,0.106,BCC+FCC
3,9.1256,7.3325,0.0333,0.3413,0.1832,IM
1,7.4081,10.375,0.0572,0.2253,0.0595,BCC+FCC
4,8.3529,7.5653,0.0387,0.3877,0.1794,BCC
1,7.5108,13.7847,0.0447,0.1679,0.0995,BCC+FCC
3,8.3821,11.6909,0.0636,0.2696,0.2625,IM
3,9.5019,8.1472,0.043,0.463,0.2061,BCC
1,7.7292,12.012,0.0648,0.2822,0.2432,IM
1,7.1932,17.3607,0.0356,0.1401,0.1729,FCC
1,8.2467,10.8333,0.0557,0.2425,0.2217,IM
3,9.9252,7.119,0.0373,0.4129,0.166,BCC
3,7.7375,12.76,0.0481,0.1838,0.0731,IM
3,7.7257,7.2857,0.0407,0.3924,0.1505,BCC
2,8.62,6.94,0.0341,0.3501,0.1396,BCC
1,3.4593,21.9,0.0193,0.1309,0.0906,BCC
3,7.3602,7.2132,0.0357,0.2688,0.1566,IM
1,6.566,14.54,0.0607,0.2329,0.1125,BCC+FCC
3,6.7875,13.4327,0.0457,0.1717,0.0958,IM
3,7.8305,11.4286,0.107,0.4502,0.1711,IM
3,7.8704,15.1135,0.0357,0.1393,0.1059,FCC
1,3.6175,21.5458,0.0226,0.1406,0.0972,BCC+FCC
1,7.0218,15.4454,0.0437,0.1714,0.1474,BCC
2,7.3358,13.2211,0.0423,0.1573,0.085,BCC+FCC
3,7.7182,12.4773,0.0496,0.1956,0.0943,FCC
3,12.7,6.3333,0.0334,0.3348,0.1574,BCC
1,8.2118,12.04,0.0382,0.1454,0.0832,FCC
2,5.6656,11.6667,0.0382,0.2269,0.284,BCC
1,7.7064,11.232,0.0547,0.2092,0.0717,IM
1,7.6739,12.2082,0.0545,0.2288,0.2166,IM
1,7.454,15.84,0.0419,0.1595,0.115,BCC+FCC
3,9.9975,7.275,0.0335,0.3175,0.1804,BCC
1,8.5482,9.9,0.0714,0.4005,0.3293,IM
1,6.37,15.3833,0.0478,0.1763,0.1108,BCC+FCC
3,6.3722,15.3747,0.072,0.2695,0.1433,FCC
1,7.5672,12.9242,0.0457,0.1917,0.1442,BCC+FCC
2,5.682,11.04,0.0475,0.3025,0.2552,IM
3,7.5417,13.7458,0.0334,0.1346,0.1457,BCC
1,6.8808,13.2538,0.0556,0.2892,0.2795,BCC
4,7.9545,11.1411,0.0432,0.1732,0.0437,FCC
3,7.2257,13.3857,0.0547,0.2005,0.1424,BCC+FCC
1,8.2412,12.5804,0.0388,0.1425,0.0866,FCC
1,3.3477,22.15,0.0169,0.1228,0.085,BCC
3,6.6928,7.7047,0.042,0.2924,0.1693,BCC
1,8.0992,12.3411,0.0573,0.2519,0.2639,IM
1,8.2649,10.1575,0.0654,0.2876,0.2527,IM
1,7.7746,13.1904,0.0423,0.1584,0.0922,BCC+FCC
1,7.1467,10.32,0.0633,0.3467,0.2958,IM
1,8.55,9.7555,0.0712,0.4077,0.3233,IM
3,7.9885,11.465,0.0297,0.1387,0.0711,FCC
3,7.2405,8.005,0.0374,0.3023,0.2013,BCC
1,9.91,7.22,0.0371,0.4232,0.1702,BCC
3,7.2889,14.4,0.0367,0.1472,0.1521,IM
3,8.1218,12.5125,0.0317,0.1206,0.104,BCC
3,6.85,7.5889,0.0406,0.2872,0.1666,BCC
1,6.4575,14.9,0.0605,0.232,0.1282,BCC
1,7.2382,13.1545,0.0575,0.2425,0.2384,IM
1,12.2138,6.2089,0.0289,0.2851,0.0789,BCC
3,7.1927,14.2808,0.0512,0.1879,0.1076,IM
4,8.2683,11.7,0.0304,0.1154,0.0276,FCC
3,9.2545,8.7091,0.0461,0.4769,0.2249,BCC
3,9.23,7.3,0.0403,0.4418,0.168,BCC
1,7.6353,12.417,0.0477,0.1948,0.1716,IM
3,11.3129,6.5286,0.0356,0.3851,0.1767,IM
1,7.5239,9.1829,0.0778,0.4008,0.2683,IM
4,8.596,8.9893,0.0847,0.5476,0.2248,IM
3,9.3825,7.525,0.047,0.3621,0.2047,BCC
4,8.6078,10.2333,0.1098,0.5068,0.2841,IM
3,6.9976,13.8415,0.0551,0.2251,0.2017,IM
1,7.6813,12.1896,0.0551,0.2349,0.2104,IM
1,6.8673,13.4182,0.0516,0.1978,0.1006,BCC+FCC
3,6.4275,7.9,0.0443,0.3007,0.1735,BCC
3,6.0873,12.0545,0.038,0.2314,0.2864,BCC
2,12.2925,7.125,0.0386,0.3906,0.2069,BCC
4,7.9465,11.2,0.0415,0.1676,0.0433,FCC
1,7.5117,12.613,0.0593,0.2478,0.2185,IM
3,7.6289,14.7902,0.0293,0.1216,0.1625,FCC
3,6.5033,12.9234,0.0584,0.2375,0.1062,IM
1,6.1887,16.3267,0.0514,0.2725,0.3705,BCC+FCC
1,8.2228,11.0857,0.0425,0.1852,0.1587,IM
3,8.1022,7.0111,0.0308,0.299,0.1472,BCC
1,7.3776,12.8854,0.055,0.2337,0.2156,IM
3,7.1467,7.34,0.0313,0.2596,0.1636,BCC
3,5.5359,11.9647,0.0388,0.2505,0.276,IM
3,7.2362,17.366,0.0292,0.1248,0.1817,IM
3,9.4752,7.713,0.0359,0.363,0.1985,BCC
3,9.2375,7.55,0.0603,0.4349,0.278,BCC
4,8.3838,11.8443,0.0304,0.1158,0.0287,IM
1,8.3463,10.8442,0.0453,0.1923,0.1459,IM
1,7.1088,13.5012,0.0547,0.2322,0.2194,IM
3,7.0825,15.625,0.0382,0.1545,0.1038,BCC
3,6.94,12.8333,0.05,0.1869,0.1308,BCC
1,8.2312,10.9977,0.0473,0.2069,0.1858,IM
1,6.588,15.2133,0.0573,0.2144,0.1228,BCC
3,8.71,8.1,0.0796,0.4018,0.2626,IM
4,7.32,9.5875,0.0448,0.3674,0.2514,IM
3,8.2969,7.6313,0.0475,0.4359,0.1753,BCC
3,6.2957,8.0714,0.0406,0.2573,0.1502,IM
1,7.2363,10.1312,0.0636,0.3578,0.2946,IM
3,7.38,12.0267,0.0576,0.2125,0.1461,BCC
3,10.92,6.9833,0.0451,0.3876,0.2094,BCC
3,7.4345,12.7909,0.0515,0.1989,0.0965,BCC+FCC
4,8.1378,10.2,0.0505,0.1673,0.0384,FCC
3,7.3824,13.7978,0.0296,0.1236,0.1492,BCC+FCC
3,7.903,12.89,0.0399,0.1525,0.1421,BCC+FCC
4,8.5433,12.9667,0.0167,0.0606,0.0153,FCC
3,6.4927,7.8152,0.0377,0.286,0.1777,BCC
3,7.0021,14.975,0.0375,0.1531,0.1516,IM
3,8.0559,13.375,0.0319,0.1217,0.1402,FCC
1,6.426,10.9,0.0372,0.2333,0.2642,BCC
3,7.6606,6.9667,0.0261,0.2368,0.1508,BCC
3,7.676,8.12,0.0624,0.3432,0.2547,IM
1,7.4631,11.8615,0.064,0.2466,0.0989,FCC
3,7.1748,14.2323,0.0306,0.1287,0.1489,BCC
2,7.8008,12.6886,0.0404,0.1574,0.1628,IM
3,7.5299,12.4723,0.0541,0.1993,0.1383,BCC
1,7.165,15.0667,0.0396,0.1515,0.1448,BCC
1,8.6059,9.6621,0.0787,0.3472,0.2582,IM
1,12.9681,6.0297,0.0293,0.2894,0.0904,BCC
1,8.0792,10.4154,0.042,0.1512,0.0348,BCC
3,8.2422,8.3333,0.0737,0.3876,0.2565,IM
1,6.2978,8.9818,0.0128,0.1238,0.1238,BCC
3,7.7211,13.2702,0.0468,0.1779,0.1006,FCC
3,5.7573,10.5636,0.0502,0.3241,0.2435,IM
3,9.92,7.05,0.0573,0.4022,0.3078,BCC
1,8.4691,10.4696,0.0557,0.2345,0.185,IM
3,13.1824,6.1059,0.0315,0.3195,0.1329,BCC
3,8.8936,8.2222,0.0568,0.336,0.2978,IM
3,7.5738,12.6,0.0527,0.1947,0.1349,IM
3,8.396,10.46,0.0732,0.2941,0.19,IM
4,8.6878,12.7333,0.02,0.0955,0.0232,FCC
1,8.2867,11.8778,0.0361,0.1349,0.0673,FCC
1,7.2831,13.2923,0.0358,0.1427,0.0825,BCC
1,8.2125,12.125,0.0387,0.147,0.0855,FCC
1,7.71,12,0.0571,0.2232,0.0966,IM
2,7.4642,7.1366,0.0347,0.2647,0.1543,BCC
1,7.5831,11.1923,0.058,0.2215,0.0719,IM
3,9.0436,6.8818,0.0375,0.3869,0.133,BCC
3,7.9362,13.019,0.0407,0.1493,0.0829,FCC
1,10.586,9.02,0.1018,0.4836,0.3353,BCC+FCC
3,7.2495,12.2238,0.0339,0.1524,0.2038,BCC+FCC
1,3.859,21.0053,0.027,0.1526,0.1052,BCC+FCC
3,7.857,11.89,0.0549,0.2248,0.1881,IM
1,8.2141,11.178,0.037,0.1596,0.1187,IM
1,7.872,10.77,0.0632,0.2661,0.2098,IM
3,8.2803,7.5875,0.0467,0.4485,0.1568,BCC
1,9.842,7.56,0.069,0.4129,0.3161,BCC
1,7.5709,14.2909,0.037,0.1406,0.1434,FCC
1,8.2088,11.7,0.036,0.1382,0.0689,FCC
3,8.0305,11.448,0.0478,0.1682,0.0546,IM
1,8.4133,9.0667,0.0938,0.4751,0.2658,IM
1,7.5254,14.1615,0.0466,0.1702,0.1038,BCC+FCC
3,10.3222,8.8778,0.0794,0.4023,0.3494,IM
3,7.382,12,0.0598,0.2817,0.2526,IM
3,7.2633,12.2875,0.0583,0.2671,0.2425,IM
3,9.3269,7.6379,0.0314,0.3381,0.1862,IM
1,7.5457,11.2952,0.0486,0.1807,0.1063,BCC+FCC
1,7.9057,10.6048,0.0688,0.294,0.2362,IM
1,8.59,9.7812,0.0682,0.4013,0.3287,IM
1,8.032,11.98,0.0782,0.2927,0.232,IM
1,7.9478,11.2778,0.0658,0.2747,0.2138,BCC+FCC
4,7.9332,11.6794,0.0357,0.1478,0.105,FCC
3,12.2684,6.5368,0.0347,0.3429,0.1758,BCC
1,8.058,13.36,0.0325,0.1239,0.1404,FCC
3,8.6425,13.9,0.0239,0.0775,0.0929,FCC
1,7.7933,11.1555,0.0469,0.1867,0.0485,IM
3,7.8155,12.365,0.038,0.148,0.1392,BCC+FCC
3,12.204,6.34,0.0431,0.419,0.1664,BCC
1,7.7094,12.0157,0.06,0.2565,0.2445,IM
1,6.0877,16.0154,0.0479,0.1794,0.1153,BCC+FCC
3,7.9905,13.415,0.0408,0.1536,0.1445,BCC+FCC
1,7.5325,12.275,0.0566,0.2293,0.0481,FCC
1,7.4689,11.1555,0.0607,0.2319,0.072,IM
3,6.325,8.0333,0.0433,0.2732,0.1575,IM
3,8.195,11.695,0.0381,0.1376,0.0784,FCC
3,8.052,7.886,0.0393,0.4136,0.1731,BCC
3,9.2419,7.0975,0.0319,0.3218,0.1731,IM
3,8.1459,11.1909,0.0593,0.2366,0.1556,IM
3,7.1332,10.0631,0.0342,0.1491,0.1588,BCC+FCC
1,9.0828,11.4286,0.085,0.4144,0.3615,IM
1,7.2581,14.5355,0.048,0.1785,0.1074,BCC+FCC
3,4.3038,20.0286,0.0346,0.1756,0.1159,IM
2,8.3733,11.3918,0.0477,0.2099,0.1859,IM
3,7.66,12.2762,0.0496,0.195,0.0882,FCC
3,12.6975,6.65,0.0476,0.4783,0.1786,BCC
3,7.8113,13.825,0.0201,0.0805,0.1497,IM
3,6.7912,11.35,0.0517,0.3731,0.2836,IM
1,6.226,12.14,0.0708,0.4318,0.277,IM
1,7.8028,13.8476,0.035,0.1332,0.1421,FCC
3,6.3898,14.422,0.0464,0.1769,0.1054,IM
2,7.6989,11.4745,0.0533,0.2092,0.0514,IM
1,7.0309,12.2,0.0564,0.2215,0.0873,IM
1,8.4165,11.78,0.0449,0.1853,0.1522,IM
3,6.6669,14.5923,0.0542,0.2239,0.205,IM
1,6.9813,12.9574,0.0561,0.2563,0.2436,BCC
3,9.23,7.5,0.0434,0.4089,0.208,IM
3,7.9245,12.0782,0.0406,0.1633,0.0572,IM
3,7.165,12,0.0301,0.1276,0.2043,BCC
3,6.9683,12.9897,0.0494,0.1835,0.1268,BCC
1,6.78,11.2857,0.0508,0.2601,0.2147,BCC+FCC
1,6.3646,13.9538,0.0549,0.2197,0.1155,IM
3,8.3744,11.8623,0.0561,0.2421,0.2396,IM
3,6.91,14.225,0.0524,0.1827,0.1027,IM
3,6.8825,7.6146,0.0425,0.2685,0.1552,BCC
1,8.0877,10.0616,0.0451,0.1777,0.1173,IM
1,7.3824,20.3271,0.0158,0.0883,0.1703,BCC+FCC
3,6.6094,13.5971,0.0543,0.2128,0.1082,IM
3,7.5862,15.6094,0.0404,0.1538,0.113,IM
1,8.6723,9.85,0.0689,0.2907,0.2185,IM
1,7.65,10.4334,0.0741,0.3247,0.2427,BCC+FCC
1,7.3387,19.6407,0.0221,0.1054,0.187,BCC+FCC
3,7.6758,10.4121,0.0469,0.1863,0.049,BCC+FCC
3,7.243,12.87,0.0558,0.2331,0.2062,IM
3,8.1305,7.7877,0.0434,0.3925,0.1907,BCC
3,8.8544,7.0667,0.0352,0.3575,0.1466,BCC
3,7.2413,13.4365,0.0473,0.1725,0.0912,IM
3,8.7664,6.7727,0.0327,0.3325,0.1337,BCC
1,8.2525,14.3313,0.0276,0.1099,0.0957,FCC
1,8.2758,10.0592,0.0686,0.3059,0.2635,IM
3,7.4297,13.6607,0.0436,0.1617,0.0881,BCC+FCC
1,6.7589,14.6111,0.0415,0.1641,0.1322,BCC+FCC
1,7.1743,13.4333,0.0517,0.2082,0.1924,IM
3,8.6164,6.9727,0.0311,0.3335,0.141,BCC
3,7.4972,14.4442,0.0422,0.1559,0.0921,BCC+FCC
3,7.545,7.64,0.0323,0.2994,0.1863,BCC
3,6.9687,14.4087,0.0522,0.1938,0.1062,IM
3,7.4288,12.8594,0.0526,0.2158,0.1885,IM
4,8.6017,9.5919,0.1008,0.5372,0.2576,IM
1,7.245,13.3333,0.0409,0.1596,0.0869,BCC+FCC
1,6.4266,9.476,0.0209,0.1602,0.1631,BCC
4,8.2145,11.0637,0.0345,0.1723,0.15,IM
1,7.9822,13.6333,0.0379,0.1462,0.1496,FCC
3,7.1655,17.335,0.0311,0.1313,0.1787,IM
3,10.4025,6.8,0.0425,0.3879,0.1511,BCC
3,7.3067,7.2333,0.032,0.2616,0.1593,BCC
1,7.24,10.6,0.0582,0.2296,0.0886,IM
3,8.4067,16.2667,0.029,0.0997,0.18,FCC
3,7.4148,12.1295,0.057,0.2098,0.1448,BCC
3,6.6105,8.2143,0.0471,0.3397,0.1662,BCC
2,7.9612,13.1071,0.0359,0.1382,0.1511,IM
1,8.04,12.9615,0.0394,0.1497,0.1457,FCC
3,6.783,11.2,0.0473,0.3397,0.2927,BCC
3,7.5516,9.412,0.048,0.3727,0.2502,IM
3,8.3196,10.6833,0.0696,0.278,0.1823,IM
1,8.61,10.04,0.0654,0.2748,0.2109,IM
3,7.114,10.64,0.0546,0.4468,0.2531,IM
1,7.8347,10.9526,0.0561,0.2316,0.1644,IM
1,7.8321,12.0717,0.0299,0.1282,0.0562,FCC
1,7.9463,13.1,0.0463,0.1603,0.0962,BCC+FCC
1,7.3265,19.45,0.0237,0.1094,0.1894,BCC+FCC
1,7.3489,19.8016,0.0207,0.1018,0.1843,BCC+FCC
3,7.8939,12.4326,0.0385,0.1475,0.0753,FCC
1,7.84,11.275,0.0507,0.1947,0.0713,IM
1,7.4126,20.8,0.0108,0.0728,0.148,BCC
3,8,7.74,0.0604,0.3291,0.2447,IM
3,8.047,7.06,0.0512,0.3908,0.2338,IM
1,5.9743,15.6,0.0506,0.2003,0.1236,IM
3,7.9429,11.8619,0.0353,0.1381,0.0545,IM
3,6.4032,8.3105,0.048,0.3434,0.1418,BCC
3,8.064,14.04,0.037,0.1432,0.1443,BCC+FCC
1,4.2729,20.0786,0.0337,0.167,0.1145,BCC+FCC
4,8.3172,11.7609,0.03,0.1158,0.0281,FCC
3,6.9864,15.408,0.0404,0.1555,0.1452,BCC
3,8.7867,7.9333,0.0428,0.4303,0.1775,BCC
1,7.625,12.3,0.0624,0.2664,0.2331,IM
1,7.5724,13.9104,0.0457,0.1689,0.102,BCC+FCC
3,7.4943,10.4,0.0515,0.2058,0.0549,BCC
3,8.3553,8.3824,0.0495,0.2907,0.2727,BCC
1,7.9613,11.1733,0.0751,0.3031,0.2247,BCC+FCC
2,6.8943,14.2095,0.0457,0.1676,0.0991,BCC
3,7.1507,16.6144,0.0324,0.1447,0.179,IM
3,7.402,6.92,0.0452,0.331,0.2151,IM
3,5.59,11.6222,0.0424,0.2715,0.2685,IM
2,6.6867,13.6333,0.0636,0.2462,0.1257,IM
3,7.2442,7.2895,0.0351,0.2703,0.16,BCC
1,7.602,10.3867,0.0539,0.2077,0.0549,BCC+FCC
3,7.4111,10.3944,0.0533,0.2139,0.0571,BCC
3,7.91,7.525,0.0502,0.4484,0.1456,BCC
3,6.7886,14.8571,0.0512,0.2191,0.1589,IM
3,7.62,12.7365,0.0509,0.1896,0.1306,IM
3,7.2397,12.8127,0.0617,0.2362,0.1104,IM
1,9.6675,9.325,0.0874,0.5953,0.2584,IM
3,8.3668,12.0309,0.0497,0.212,0.2084,IM
3,7.05,12.8778,0.0492,0.2202,0.2179,IM
1,9.3867,10.75,0.0776,0.4096,0.3609,BCC
1,7.0477,14.9538,0.0501,0.1841,0.1103,BCC+FCC
4,8.0286,11.2238,0.0384,0.1562,0.0399,FCC
3,8.4238,7.125,0.0397,0.3949,0.1403,BCC
1,8.3014,10.9809,0.041,0.1744,0.1246,IM
1,7.4217,14.15,0.0508,0.1796,0.1066,BCC+FCC
3,8.4282,6.8364,0.0331,0.3427,0.1335,BCC
3,7.5489,7.0478,0.0273,0.2419,0.1537,BCC
1,7.8236,10.4,0.0491,0.1843,0.0477,BCC+FCC
3,6.904,11.505,0.0958,0.3782,0.1255,IM
4,8.2911,11.7286,0.0301,0.1156,0.0278,FCC
3,10.2425,7.2,0.0402,0.4839,0.1799,BCC
1,7.2965,12.9,0.0622,0.2702,0.266,IM
2,5.836,9.97,0.0361,0.2277,0.2564,IM
1,7.3778,13.1833,0.0506,0.1736,0.0888,BCC+FCC
1,8.7867,12.0667,0.0532,0.4101,0.3236,IM
1,8.5455,10.62,0.0601,0.2511,0.2026,IM
3,6.7,8.1727,0.0465,0.3375,0.1729,BCC
3,7.3309,14.3091,0.0305,0.1269,0.1505,IM
1,7.9498,9.0581,0.0809,0.4317,0.2776,IM
3,5.9427,10.6727,0.0386,0.2211,0.2789,IM
3,5.5002,12.1902,0.0373,0.2354,0.2808,IM
1,9.1667,12.1167,0.0767,0.3598,0.3681,IM
1,6.8559,15.3353,0.0517,0.1886,0.1127,BCC+FCC
2,6.155,11.275,0.039,0.2082,0.2674,BCC
1,7.455,7.1,0.0257,0.2206,0.1563,BCC
3,8.0467,11.481,0.0521,0.2092,0.1315,IM
3,7.01,7.5,0.042,0.2771,0.1587,BCC
4,7.743,15.4,0.0194,0.0763,0.178,FCC
3,11.2625,6.475,0.0245,0.3015,0.1088,BCC
3,7.3151,17.199,0.0272,0.1174,0.1823,IM
3,8.0867,15.6,0.0281,0.1013,0.1758,FCC
1,7.2736,14.3182,0.0473,0.1778,0.1054,BCC+FCC
1,8.3378,8.9444,0.0831,0.4588,0.2833,IM
3,7.5616,7.0649,0.0337,0.2608,0.1521,IM
3,7.6115,13.0846,0.053,0.2118,0.1806,IM
3,6.9938,7.483,0.0393,0.2823,0.164,BCC
3,7.7086,14.4857,0.0309,0.1265,0.0824,BCC+FCC
2,11.88,6.72,0.0356,0.3466,0.1901,BCC
1,6.2767,8.9008,0.0114,0.1165,0.1162,BCC
1,7.2333,13.4167,0.0382,0.1486,0.0856,BCC
3,6.5498,14.0239,0.0462,0.175,0.1019,IM
3,8.6338,7.625,0.0461,0.4076,0.1672,BCC
1,8.0272,11.3972,0.0546,0.2355,0.2033,BCC
1,7.454,14.63,0.0418,0.1617,0.1488,BCC+FCC
3,7.7198,15.931,0.0187,0.074,0.184,FCC
3,7.2922,16.1222,0.0431,0.1657,0.1162,IM
2,9.3,6.98,0.0314,0.3117,0.1678,IM
3,7.4143,12.9778,0.0567,0.2176,0.1079,IM
3,7.0864,12.6636,0.0653,0.2509,0.1118,IM
3,7.3933,15.9458,0.0424,0.1619,0.1156,IM
4,8.1424,12.3269,0.0372,0.1373,0.0633,FCC
3,5.8444,16.5602,0.0476,0.1812,0.1182,BCC
3,6.6026,7.7353,0.0366,0.2817,0.1755,BCC
3,8.2455,7.2364,0.0365,0.3484,0.1533,BCC
1,7.4586,13.9453,0.0542,0.2144,0.1971,BCC+FCC
1,9.172,8.7,0.0861,0.5146,0.2886,IM
3,8.4817,10.9333,0.0705,0.2783,0.1829,IM
2,7.8051,12.0109,0.0453,0.1798,0.0603,FCC
1,7.9625,11.8812,0.0461,0.1581,0.0625,FCC
1,7.7727,11.6727,0.0683,0.2999,0.2762,IM
1,8.1241,12.0792,0.0637,0.2849,0.286,IM
3,7.728,11.84,0.0348,0.1394,0.1359,BCC+FCC
3,7.5875,11.0958,0.053,0.2089,0.0538,IM
4,8.5932,8.695,0.0741,0.5421,0.2056,IM
1,8.2851,9.9743,0.0711,0.3209,0.2707,IM
3,7.9733,10.9444,0.0416,0.1589,0.0769,IM
3,8.2365,10.9261,0.065,0.2591,0.1714,IM
3,8.4341,10.6706,0.0725,0.288,0.1872,IM
3,8.8092,7.2628,0.0349,0.3624,0.1868,IM
3,6.5025,11.55,0.0369,0.2447,0.2905,BCC
3,6.61,8.25,0.0437,0.3397,0.169,BCC
1,7.9364,10.4545,0.0732,0.3174,0.253,IM
1,7.3591,14.6957,0.0384,0.1466,0.1443,BCC+FCC
1,9.1215,11.7461,0.0809,0.3904,0.3664,IM
3,7.4638,12.7769,0.05,0.2073,0.1815,IM
3,6.0133,9.6444,0.0468,0.3056,0.2239,IM
3,7.2563,14.2444,0.0511,0.1858,0.1076,IM
1,7.402,20.6342,0.0126,0.0787,0.1572,BCC
1,7.0585,14.8769,0.0529,0.1902,0.1121,BCC+FCC
2,8.3655,11.5459,0.0412,0.1736,0.1412,IM
3,8.4511,10.7643,0.0719,0.2848,0.1858,IM
3,7.1947,17.499,0.0302,0.1284,0.1819,IM
3,9.65,7,0.0551,0.4082,0.2651,BCC
3,7.7217,13.0373,0.0472,0.1768,0.1182,BCC+FCC
3,9.92,8,0.0385,0.3729,0.2081,BCC
1,8.112,12.2067,0.0605,0.2693,0.2764,IM
1,7.3882,12.9545,0.0554,0.2257,0.1965,BCC
3,7.5145,12.9843,0.056,0.2233,0.1879,IM
3,7.0835,8.6588,0.0352,0.2276,0.2091,BCC
3,8.63,10.62,0.0728,0.2952,0.2471,FCC
1,12.004,5.62,0.0544,0.5124,0.2421,IM
3,9.0643,8.2905,0.0483,0.361,0.2274,BCC
3,7.6692,12.882,0.0489,0.1836,0.1252,IM
3,7.103,11.26,0.1039,0.4275,0.1668,IM
1,7.3085,19.1688,0.0258,0.1148,0.1915,FCC
3,7.1028,11.838,0.0392,0.1497,0.077,IM
3,7.091,7.4272,0.0404,0.2785,0.1598,BCC
4,8.1825,11.2654,0.0288,0.1518,0.1264,IM
1,7.35,12.6667,0.0659,0.2935,0.2838,IM
1,8.2817,12.7167,0.0662,0.3649,0.3808,IM
3,10.4554,7.2976,0.0348,0.3854,0.1686,BCC
3,7.9375,11.8,0.0432,0.1741,0.0893,FCC
3,8.5535,11.2882,0.0472,0.2071,0.1651,FCC
1,7.2528,13.3286,0.0505,0.1984,0.1614,BCC
3,6.4172,12.756,0.0593,0.3253,0.2652,IM
3,6.8561,12.5571,0.0565,0.254,0.2088,IM
1,8.7573,9.5909,0.0729,0.3108,0.2258,IM
3,7.5824,10.4059,0.0494,0.1967,0.0523,BCC
1,7.4719,12.8807,0.0353,0.1413,0.0758,BCC+FCC
1,6.52,14.2667,0.0518,0.1998,0.1115,BCC
1,7.41,14.2334,0.0469,0.1741,0.1049,BCC+FCC
1,7.4183,10.25,0.0527,0.2113,0.0584,IM
3,8.0938,13.7846,0.025,0.1027,0.0626,FCC
1,6.9386,11.4395,0.0438,0.2467,0.2691,BCC
3,8.291,11.895,0.0389,0.1374,0.0789,FCC
3,8.0713,14.851,0.0248,0.0964,0.1604,FCC
3,7.99,11.5909,0.0431,0.1755,0.0441,BCC
1,6.3424,14.6235,0.0626,0.2456,0.1314,BCC
3,5.475,12.35,0.0361,0.224,0.2841,BCC
1,7.7423,11.8377,0.0646,0.2798,0.2633,IM
3,10.15,7.7,0.0666,0.3898,0.3424,IM
1,9.02,10.9125,0.0901,0.4494,0.3479,IM
3,8.3133,11.1,0.0423,0.1465,0.0348,FCC
3,7.3496,13.0451,0.0578,0.2345,0.2037,IM
3,6.9617,14.9,0.0614,0.2349,0.1271,BCC+FCC
1,12.5812,6.1216,0.0292,0.2875,0.0853,BCC
2,8.115,11.9,0.0555,0.4057,0.324,IM
1,7.176,13.204,0.0467,0.1759,0.0906,BCC+FCC
1,7.9671,11.1286,0.0787,0.3148,0.2285,BCC+FCC
1,9.45,10.5222,0.0618,0.2857,0.3013,IM
3,6.2625,15.95,0.0809,0.2895,0.1535,FCC
3,7.265,11.85,0.0588,0.4446,0.2846,BCC
3,7.324,7.42,0.0407,0.2566,0.2232,BCC
3,7.8313,8.534,0.0425,0.4301,0.1955,BCC
1,9.0493,11.1533,0.0879,0.4337,0.355,IM
3,6.7127,11.8182,0.0588,0.4408,0.2782,IM
1,6.4379,15.8071,0.0549,0.2823,0.3725,BCC+FCC
3,6.8423,17.815,0.0329,0.1401,0.175,IM
3,11.058,7.36,0.0524,0.4284,0.2286,BCC
3,7.236,12.92,0.0535,0.2255,0.2064,IM
3,8.4158,10.5695,0.0729,0.2911,0.1886,IM
3,7.2544,13.6378,0.0325,0.1452,0.153,BCC
1,8.2039,12.2769,0.0422,0.1618,0.0876,IM
3,6.9845,7.4579,0.0329,0.2664,0.1673,BCC
3,9.0778,6.5778,0.0319,0.3421,0.1173,BCC
3,7.8818,12.9,0.0383,0.1483,0.1577,FCC
1,8.607,9.7685,0.0757,0.3284,0.2496,IM
1,7.8207,12.0621,0.0534,0.2114,0.0952,IM
3,7.8333,13.6513,0.0341,0.1504,0.0702,IM
1,10.5257,8.7714,0.0377,0.3973,0.2195,IM
3,7.7202,12.9945,0.0364,0.1522,0.1155,IM
1,7.8209,12.1349,0.0368,0.1425,0.0624,FCC
1,7.2351,18.0182,0.0329,0.1324,0.1854,FCC
1,5.5725,11.725,0.0477,0.3233,0.2827,IM
3,8.875,13.55,0.0119,0.0345,0.0057,FCC
3,7.1607,12.736,0.0636,0.244,0.1112,IM
1,6.3333,11.4834,0.0528,0.3154,0.2666,IM
1,7.3693,13.4961,0.0435,0.1632,0.0921,BCC+FCC
3,6.9038,11.2571,0.0571,0.4447,0.2668,IM
1,9.5475,10.625,0.0458,0.4147,0.2837,IM
3,8.2544,11.1244,0.0364,0.1534,0.0938,FCC
3,8.6244,6.9,0.0378,0.3696,0.1347,BCC
3,7.7562,12.7265,0.0378,0.1594,0.1141,IM
1,7.86,12.7,0.0195,0.0823,0.1174,BCC+FCC
3,10.76,7.575,0.0449,0.4661,0.1847,BCC
3,7.2008,11.3,0.1078,0.452,0.1922,IM
1,8.1436,11.3727,0.041,0.1552,0.0696,IM
3,7.7677,13.3895,0.0442,0.1797,0.0843,IM
1,6.9955,13.5333,0.0598,0.2324,0.0918,BCC+FCC
1,6.7036,14.6363,0.0467,0.1712,0.1039,BCC+FCC
1,7.3933,20.497,0.0141,0.0832,0.1636,BCC+FCC
3,6.586,15.12,0.068,0.2568,0.1377,FCC
1,5.1467,18.1222,0.0439,0.181,0.1216,FCC
3,6.9574,13.5609,0.0529,0.2019,0.1049,BCC
4,8.3477,11.7991,0.03,0.1159,0.0284,IM
4,8.6356,13.1667,0.0492,0.2324,0.2505,IM
3,7.9138,13.15,0.027,0.1067,0.1377,IM
2,6.53,7.7667,0.0315,0.2568,0.1785,BCC
3,6.948,12.5333,0.0677,0.2626,0.1126,IM
1,9.846,6.58,0.0295,0.2791,0.1959,IM
3,6.699,12.4,0.0568,0.2627,0.2019,IM
3,7.5087,13.0259,0.0544,0.2185,0.188,IM
3,8.3175,11.09,0.1186,0.526,0.203,IM
4,7.9628,11.0837,0.0452,0.178,0.0441,FCC
1,9.9742,10.2053,0.0722,0.3336,0.3342,IM
3,6.58,7.56,0.0506,0.3236,0.2137,IM
3,7.8495,7.82,0.0367,0.323,0.2,BCC
1,6.2718,14.7363,0.0503,0.2308,0.2237,BCC
1,7.8625,14.7625,0.0328,0.1312,0.0985,FCC
3,7.5359,14.1989,0.0475,0.1828,0.1389,BCC+FCC
3,8.012,7.16,0.0592,0.4768,0.21,IM
1,7.438,12.89,0.0487,0.1681,0.0847,BCC+FCC
1,7.554,15.205,0.0412,0.1539,0.0972,BCC+FCC
1,7.086,15.6,0.0392,0.1569,0.1042,BCC+FCC
1,7.285,15.95,0.0434,0.1609,0.1066,BCC+FCC
1,7.429,12.04,0.0465,0.1746,0.1134,BCC+FCC
1,7.817,15.325,0.0484,0.1696,0.1193,BCC+FCC
3,8.2085,11.25,0.0344,0.1303,0.0308,FCC
1,8.3525,11.55,0.0354,0.1303,0.0313,FCC
4,8.545,13.53,0.0253,0.0813,0.0846,FCC
2,8.6975,12.665,0.028,0.1422,0.1188,FCC
2,8.3525,12.575,0.0292,0.1241,0.064,FCC
2,8.3605,12.6,0.0341,0.1439,0.0725,FCC
1,8.0115,14.245,0.0487,0.1935,0.1368,BCC+FCC
1,7.47,14.175,0.0474,0.1772,0.1044,BCC+FCC
1,7.386,15.815,0.0505,0.1825,0.1122,BCC+FCC
1,7.9435,14.005,0.0495,0.1725,0.109,BCC+FCC
1,7.3225,15.035,0.0585,0.1971,0.1124,BCC+FCC
1,7.5555,15.375,0.0417,0.1569,0.1039,BCC+FCC
1,7.41,14.905,0.0409,0.1544,0.0962,BCC+FCC
1,6.8695,14.765,0.0429,0.1641,0.1017,BCC+FCC
1,6.8865,14.56,0.0474,0.1737,0.1024,BCC+FCC
1,6.8655,14.1,0.0523,0.1845,0.1024,BCC+FCC
1,7.1165,15.215,0.0491,0.1736,0.1053,BCC+FCC
1,6.9105,14.915,0.0422,0.1588,0.1015,BCC+FCC
1,6.4865,14.745,0.0459,0.1708,0.1059,BCC+FCC
1,6.6,15.43,0.0437,0.1619,0.1074,BCC+FCC
1,7.0395,12.5,0.0484,0.1924,0.0862,BCC+FCC
1,7.37,12.02,0.0436,0.1637,0.077,BCC+FCC
1,7.5635,13.655,0.0504,0.1751,0.1022,BCC+FCC
1,7.1065,13.97,0.0533,0.187,0.124,BCC+FCC
1,7.543,13.56,0.0455,0.1624,0.1357,BCC+FCC
1,7.6255,13.94,0.045,0.1582,0.1368,BCC+FCC
1,6.987,13.345,0.0504,0.1837,0.1133,BCC+FCC
1,7.1695,14.855,0.0508,0.177,0.1331,BCC+FCC
1,6.994,14.17,0.0464,0.1726,0.1291,BCC+FCC
1,6.9905,14.195,0.0449,0.1684,0.1286,BCC+FCC
1,6.9765,13.42,0.0461,0.1715,0.112,BCC+FCC
1,7.138,14.205,0.0464,0.1645,0.114,BCC+FCC
3,8.38,14.515,0.0271,0.1047,0.1014,FCC
4,7.874,14.655,0.0344,0.1318,0.1039,FCC
4,8.0135,14.445,0.029,0.1196,0.0902,FCC
1,7.0945,15.72,0.0427,0.1646,0.1099,BCC+FCC
1,7.398,14.275,0.0504,0.2085,0.1117,BCC+FCC
3,8.339,13.08,0.0335,0.1577,0.1324,FCC
1,6.9905,14.055,0.0509,0.2038,0.0975,BCC+FCC
1,7.327,15.18,0.0465,0.1782,0.1018,BCC+FCC
1,7.1545,15.125,0.0541,0.2026,0.1059,BCC+FCC
1,6.917,15.52,0.0477,0.1844,0.11,BCC+FCC
4,8.13,13.265,0.028,0.1176,0.071,FCC
3,8.0715,13.24,0.0251,0.1113,0.071,FCC
1,7.2475,13.67,0.0463,0.1805,0.1214,BCC+FCC
4,7.8445,15.985,0.0248,0.1038,0.1704,FCC
4,7.4825,16.425,0.0253,0.1059,0.1699,FCC
1,7.4555,14.905,0.054,0.2068,0.1341,BCC+FCC
1,8.0085,13.21,0.0479,0.1638,0.1005,BCC+FCC
1,7.7995,13.705,0.0516,0.1753,0.1059,BCC+FCC
1,7.5395,14.815,0.0435,0.1602,0.1088,BCC+FCC
1,7.0695,13.905,0.0479,0.1798,0.1023,BCC+FCC
1,7.074,14.415,0.0506,0.1908,0.1052,BCC+FCC
1,6.948,14.925,0.053,0.1897,0.1116,BCC+FCC
1,7.621,15.585,0.0508,0.1788,0.1248,BCC+FCC
1,7.432,13.76,0.0493,0.1867,0.1173,BCC+FCC
1,7.35,13.065,0.0434,0.1863,0.0813,BCC+FCC
1,7.001,14.325,0.0448,0.1806,0.1001,BCC+FCC
1,6.7935,14.99,0.0508,0.1932,0.1098,BCC+FCC
1,6.9405,11.03,0.0416,0.1665,0.1242,BCC+FCC
1,7.253,13.465,0.0432,0.1718,0.1129,BCC+FCC
1,6.9945,13.985,0.0445,0.1678,0.1133,BCC+FCC
1,7.5805,13.165,0.0474,0.2053,0.0929,BCC+FCC
1,7.767,14.575,0.0448,0.1691,0.1139,BCC+FCC
1,7.873,15.065,0.0461,0.1706,0.1223,BCC+FCC
1,7.614,15.655,0.0511,0.185,0.1267,BCC+FCC
1,7.0885,14.85,0.0429,0.181,0.1071,BCC+FCC
1,6.9475,14.43,0.047,0.1881,0.1144,BCC+FCC
4,8.3835,12.3,0.0321,0.1201,0.065,FCC
2,8.5505,12.865,0.0225,0.0867,0.0487,FCC
3,8.449,12.885,0.0242,0.0919,0.0634,FCC
2,8.497,12.985,0.0228,0.0901,0.0637,FCC
3,8.594,12.315,0.0369,0.1726,0.1556,FCC
3,8.143,11.69,0.0371,0.1465,0.0695,FCC
4,8.215,12.145,0.0311,0.1314,0.0674,FCC
4,7.942,14.61,0.0258,0.1076,0.1651,FCC
4,7.856,14.255,0.0265,0.1087,0.1632,FCC
1,7.952,14.455,0.0288,0.1128,0.1647,FCC
1,7.897,14.67,0.0315,0.1211,0.1736,FCC
1,8.8015,13.35,0.0275,0.1466,0.148,FCC
1,7.938,13.48,0.048,0.2014,0.1143,BCC+FCC
1,7.933,13.335,0.0459,0.1985,0.1075,BCC+FCC
1,8.467,13.505,0.0269,0.1255,0.0815,FCC
3,8.7205,13.63,0.0296,0.1611,0.1874,FCC
3,8.6095,12.995,0.0287,0.1561,0.1637,FCC
3,8.561,13.26,0.0302,0.1609,0.1811,FCC
4,9.081,13.465,0.0357,0.1962,0.2105,FCC
3,9.126,13.225,0.033,0.1923,0.1945,FCC
3,9.121,13.08,0.0321,0.1906,0.1859,FCC
4,9.069,13.37,0.0334,0.1942,0.2034,FCC
4,8.3525,13.035,0.0292,0.1126,0.0921,FCC
2,8.606,13.8,0.0274,0.1088,0.1101,FCC
4,8.463,13.575,0.0318,0.1366,0.1222,FCC
4,8.596,13.51,0.0241,0.1042,0.0925,FCC
4,8.6425,13.44,0.0217,0.0993,0.0809,FCC
1,8.2695,16.08,0.034,0.114,0.1724,FCC
1,8.288,16.92,0.0327,0.1158,0.1769,FCC
1,8.3345,16.85,0.0313,0.1112,0.1806,FCC
3,8.401,13.66,0.0194,0.0747,0.0932,FCC
4,8.654,12.615,0.0329,0.16,0.1225,FCC
1,8.065,14.92,0.0337,0.1372,0.1623,FCC
1,7.84,13.35,0.044,0.1917,0.1149,BCC+FCC
1,7.8125,13.895,0.0442,0.1899,0.1366,BCC+FCC
4,8.4755,12.525,0.0354,0.1734,0.1563,FCC
4,8.399,12.895,0.0318,0.1604,0.1764,FCC
1,8.533,14.755,0.0372,0.1679,0.2253,FCC
4,7.9505,15.59,0.027,0.1145,0.1922,FCC
3,11.246,7.005,0.0396,0.6162,0.1285,BCC
1,8.17,14.975,0.047,0.1552,0.1381,BCC+FCC
1,7.8555,14.59,0.0356,0.1448,0.1929,FCC
3,10.8595,6.88,0.0361,0.5535,0.132,BCC
3,11.3495,6.96,0.0389,0.4508,0.1343,BCC
3,11.286,6.4,0.0402,0.3835,0.1556,BCC
3,9.243,6.7,0.0416,0.3018,0.1633,BCC
3,10.1555,7.06,0.0426,0.4727,0.1369,BCC
4,9.952,6.55,0.0419,0.3646,0.1474,BCC
3,9.628,6.765,0.0419,0.4841,0.1135,BCC
4,9.7015,7.075,0.0373,0.4671,0.1502,BCC
2,7.434,7.525,0.0423,0.3904,0.1557,BCC
3,9.5185,6.655,0.0441,0.5049,0.1378,BCC
4,9.9135,6.695,0.0401,0.5035,0.1266,BCC
4,9.217,6.77,0.0431,0.4803,0.1353,BCC
2,10.017,6.77,0.0409,0.4993,0.1284,BCC
2,9.51,6.73,0.0368,0.4471,0.136,BCC
4,11.204,6.85,0.0429,0.5182,0.1398,BCC
4,10.2255,6.915,0.0383,0.452,0.1372,BCC
4,9.8675,7.015,0.0399,0.4474,0.1472,BCC
4,7.9765,12.98,0.0367,0.1423,0.0899,FCC
2,8.1575,13,0.0323,0.1235,0.0684,FCC
3,8.176,12.965,0.0369,0.1378,0.0799,FCC
3,8.1245,12.89,0.0367,0.1373,0.0792,FCC
2,8.2055,13.1,0.0316,0.1226,0.0687,FCC
1,7.743,13.485,0.0483,0.1714,0.1021,BCC+FCC
1,7.693,13.58,0.0478,0.1732,0.1016,BCC+FCC
1,7.5525,12.81,0.0431,0.1705,0.094,BCC+FCC
1,7.8755,13.77,0.045,0.1602,0.1019,BCC+FCC
1,7.838,13.15,0.0467,0.1636,0.0911,BCC+FCC
1,7.844,13.83,0.0502,0.1736,0.1064,BCC+FCC
1,7.8455,14,0.0511,0.1758,0.1068,BCC+FCC
1,7.7875,13.61,0.0474,0.1697,0.1025,BCC+FCC
1,7.8665,14.015,0.043,0.1595,0.1037,BCC+FCC
1,7.3105,13.195,0.0524,0.1896,0.1003,BCC+FCC
1,7.259,13.12,0.0502,0.1865,0.0984,BCC+FCC
1,7.444,14.015,0.0537,0.1904,0.1042,BCC+FCC
1,7.555,13.995,0.0444,0.164,0.0985,BCC+FCC
1,7.781,15.485,0.0414,0.1577,0.1151,BCC+FCC
1,7.395,12.935,0.0496,0.1744,0.0909,BCC+FCC
1,7.5975,14.315,0.0439,0.1636,0.1028,BCC+FCC
1,7.4585,13.715,0.043,0.1615,0.0957,BCC+FCC
1,7.5115,13.96,0.0455,0.1685,0.1009,BCC+FCC
1,7.4015,15.885,0.0552,0.1879,0.1126,BCC+FCC
1,7.375,15.435,0.0464,0.1699,0.1139,BCC+FCC
1,7.17,14.615,0.0526,0.1915,0.108,BCC+FCC
1,6.992,13.225,0.0487,0.179,0.0967,BCC+FCC
1,7.3855,14.915,0.048,0.1719,0.108,BCC+FCC
1,7.4665,15.125,0.0437,0.1607,0.1037,BCC+FCC
1,7.33,15.23,0.0464,0.1733,0.1114,BCC+FCC
1,7.4595,15.175,0.042,0.1576,0.103,BCC+FCC
1,7.507,15.64,0.0426,0.1618,0.1123,BCC+FCC
1,6.9605,15.265,0.0428,0.169,0.1078,BCC+FCC
1,6.9445,14.95,0.0521,0.1876,0.1111,BCC+FCC
1,6.857,14.425,0.0516,0.186,0.1064,BCC+FCC
1,6.974,15.085,0.0472,0.1758,0.1081,BCC+FCC
1,6.9205,15.205,0.0454,0.174,0.1094,BCC+FCC
1,7.039,14.98,0.0532,0.1851,0.1095,BCC+FCC
1,7.1225,15.895,0.0525,0.1864,0.1172,BCC+FCC
1,6.9805,14.955,0.0493,0.1773,0.1075,BCC+FCC
1,7.119,15.92,0.0515,0.1848,0.1166,BCC+FCC
1,7.0095,15.455,0.0455,0.1704,0.1101,BCC+FCC
1,6.9735,15.005,0.0474,0.1715,0.1066,BCC+FCC
1,6.975,15.175,0.0483,0.1759,0.1094,BCC+FCC
1,7.0905,15.665,0.0422,0.1608,0.1082,BCC+FCC
1,7.121,12.9,0.05,0.1898,0.1008,BCC+FCC
1,7.1725,14.32,0.0475,0.1924,0.1086,BCC+FCC
1,7.0345,14.89,0.0433,0.1762,0.1099,BCC+FCC
1,6.741,15.2,0.0494,0.1894,0.1158,BCC+FCC
1,7.7435,12.315,0.046,0.1743,0.1197,BCC+FCC
1,7.4145,13.31,0.0433,0.1771,0.1364,BCC+FCC
1,7.684,13.365,0.0472,0.1759,0.1175,BCC+FCC
1,7.485,12.555,0.045,0.1664,0.1119,BCC+FCC
1,7.2245,13.88,0.0455,0.1836,0.1238,BCC+FCC
1,7.847,13.3,0.0473,0.1727,0.1088,BCC+FCC
1,7.5965,12.96,0.0479,0.1825,0.1256,BCC+FCC
1,7.7405,14.18,0.0502,0.1943,0.1017,BCC+FCC
1,7.74,14.545,0.0507,0.1978,0.1155,BCC+FCC
1,7.654,14.19,0.0542,0.204,0.1149,BCC+FCC
1,7.6725,15.235,0.0512,0.1881,0.1232,BCC+FCC
1,7.4405,14.62,0.057,0.208,0.1121,BCC+FCC
1,7.477,13.97,0.0519,0.1869,0.0994,BCC+FCC
1,7.5595,14.35,0.0487,0.1804,0.0994,BCC+FCC
1,7.763,13.74,0.0508,0.1845,0.1284,BCC+FCC
1,7.8745,14.04,0.0483,0.1757,0.1245,BCC+FCC
1,7.429,13.55,0.0559,0.1924,0.1224,BCC+FCC
1,7.3,12.81,0.0508,0.1804,0.1088,BCC+FCC
1,7.416,15.125,0.0476,0.1723,0.1187,BCC+FCC
1,7.333,15.11,0.0515,0.1836,0.1285,BCC+FCC
1,8.134,15.395,0.0495,0.1641,0.1395,BCC+FCC
1,8.1105,13.965,0.0475,0.1613,0.1312,BCC+FCC
1,7.819,15.4,0.0518,0.1725,0.146,BCC+FCC
1,7.6985,14.055,0.0484,0.17,0.1286,BCC+FCC
1,7.764,13.32,0.0461,0.1609,0.1064,BCC+FCC
1,7.681,13.305,0.049,0.1722,0.112,BCC+FCC
1,7.6565,15.56,0.0484,0.1679,0.1388,BCC+FCC
1,7.573,15.91,0.0537,0.1842,0.13,BCC+FCC
1,7.4795,14.705,0.0506,0.1752,0.1331,BCC+FCC
1,7.7275,15.87,0.048,0.1724,0.1263,BCC+FCC
1,7.471,14.585,0.0475,0.1666,0.1303,BCC+FCC
1,7.411,15.705,0.0499,0.1755,0.1281,BCC+FCC
1,8.054,15.3,0.0479,0.1801,0.1412,BCC+FCC
1,7.3635,12.885,0.0476,0.1925,0.0822,BCC+FCC
1,7.4595,13.085,0.0491,0.1936,0.0822,BCC+FCC
1,7.408,13.01,0.0477,0.1909,0.0821,BCC+FCC
1,7.322,12.655,0.0489,0.1924,0.0826,BCC+FCC
1,7.191,12.095,0.0473,0.1843,0.0828,BCC+FCC
1,7.1355,13.78,0.0482,0.194,0.0944,BCC+FCC
1,7.101,13.5,0.051,0.1989,0.0949,BCC+FCC
1,7.2525,13.095,0.0511,0.189,0.0909,BCC+FCC
1,7.0805,13.73,0.046,0.1875,0.0938,BCC+FCC
1,7.3865,13.55,0.051,0.1869,0.0914,BCC+FCC
1,7.059,13.925,0.0564,0.2156,0.0985,BCC+FCC
1,7.2935,13.245,0.0502,0.1846,0.0907,BCC+FCC
1,7.07,12.46,0.0465,0.1768,0.0889,BCC+FCC
1,7.19,13.75,0.0512,0.1956,0.0948,BCC+FCC
1,7.0355,13.525,0.046,0.1816,0.0936,BCC+FCC
1,7.032,12.205,0.0454,0.1746,0.0885,BCC+FCC
1,7.3205,14.23,0.0499,0.1922,0.0945,BCC+FCC
1,6.963,14.07,0.0469,0.1831,0.0999,BCC+FCC
1,6.942,13.61,0.0522,0.1935,0.1004,BCC+FCC
1,6.873,14.395,0.0514,0.1998,0.1051,BCC+FCC
1,6.9215,13.84,0.0474,0.1813,0.0993,BCC+FCC
1,6.966,13.965,0.0474,0.1795,0.0995,BCC+FCC
1,7.179,14.825,0.045,0.1735,0.1004,BCC+FCC
1,6.9725,13.835,0.048,0.1777,0.0993,BCC+FCC
1,6.745,14.81,0.0495,0.1866,0.1085,BCC+FCC
1,6.927,15.365,0.0509,0.1882,0.1102,BCC+FCC
1,6.786,14.96,0.0487,0.1815,0.1083,BCC+FCC
2,8.366,13.21,0.0378,0.1764,0.1654,FCC
1,7.5465,11.755,0.0447,0.1718,0.1062,BCC+FCC
3,7.941,12.76,0.0267,0.1209,0.0725,FCC
1,7.31,11.935,0.0484,0.1801,0.1137,BCC+FCC
1,7.5645,13.025,0.0457,0.1752,0.1098,BCC+FCC
1,7.2875,12.345,0.0478,0.1797,0.1196,BCC+FCC
1,7.532,12.565,0.0452,0.1696,0.1024,BCC+FCC
1,7.2035,11.81,0.0429,0.1622,0.1141,BCC+FCC
1,7.578,12.845,0.05,0.1817,0.1106,BCC+FCC
1,7.492,12.49,0.0509,0.1836,0.112,BCC+FCC
1,7.6795,12.84,0.0487,0.1744,0.102,BCC+FCC
1,7.265,11.73,0.0458,0.1705,0.1146,BCC+FCC
1,7.4525,12.08,0.0468,0.1692,0.1038,BCC+FCC
1,7.6725,12.89,0.0471,0.1695,0.102,BCC+FCC
1,7.129,12.855,0.046,0.1746,0.114,BCC+FCC
1,6.984,11.785,0.0461,0.1783,0.1157,BCC+FCC
1,7.254,13.54,0.0486,0.1814,0.1222,BCC+FCC
1,7.5155,13.555,0.0495,0.175,0.1021,BCC+FCC
1,7.464,13.48,0.0478,0.1725,0.1018,BCC+FCC
1,7.3385,13.74,0.0426,0.1654,0.1126,BCC+FCC
1,7.426,13.225,0.0501,0.1761,0.1021,BCC+FCC
1,7.4225,13.25,0.0491,0.1734,0.1019,BCC+FCC
1,7.0955,14.05,0.0464,0.1748,0.1111,BCC+FCC
1,6.9235,13.34,0.0468,0.1753,0.1104,BCC+FCC
1,7.006,13.72,0.0462,0.1727,0.1106,BCC+FCC
1,7.054,13.82,0.0472,0.1742,0.1109,BCC+FCC
1,7.0655,13.82,0.0543,0.1917,0.1242,BCC+FCC
1,6.892,12.955,0.046,0.1712,0.1101,BCC+FCC
1,7.1275,14.43,0.0478,0.1761,0.123,BCC+FCC
1,7.267,14.68,0.0439,0.1658,0.111,BCC+FCC
4,7.666,15.405,0.025,0.1076,0.1672,FCC
1,7.8685,15.73,0.0329,0.1243,0.1717,FCC
4,7.779,15.135,0.0248,0.1048,0.1575,FCC
1,7.7755,15.425,0.031,0.1205,0.1688,FCC
1,7.584,12.57,0.0447,0.1602,0.0992,BCC+FCC
1,7.5565,13.115,0.0429,0.1542,0.1187,BCC+FCC
1,7.432,14.24,0.0485,0.1695,0.128,BCC+FCC
1,7.5725,14.3,0.043,0.1548,0.1094,BCC+FCC
1,7.163,14.72,0.0423,0.1621,0.1157,BCC+FCC
1,7.0255,14.29,0.0414,0.1594,0.1134,BCC+FCC
1,7.1935,14.335,0.0512,0.1783,0.1167,BCC+FCC
1,7.142,14.26,0.049,0.1748,0.1157,BCC+FCC
1,7.118,14.78,0.0483,0.173,0.132,BCC+FCC
1,7.159,14.665,0.0416,0.1533,0.1141,BCC+FCC
1,7.004,13.75,0.0432,0.1592,0.1116,BCC+FCC
1,7.408,13.535,0.0478,0.2084,0.1328,BCC+FCC
1,7.6415,14.165,0.0485,0.209,0.1318,BCC+FCC
2,9.3185,9.925,0.0966,0.5281,0.2432,IM
4,8.826,11.57,0.0891,0.4203,0.2347,IM
1,7.197,11.915,0.0474,0.1906,0.0845,BCC+FCC
1,6.881,11.29,0.045,0.1883,0.1106,BCC+FCC
1,7.474,12.125,0.0447,0.176,0.0989,BCC+FCC
1,7.315,12.235,0.0433,0.1664,0.1033,BCC+FCC
1,6.8675,13.745,0.0416,0.17,0.1158,BCC+FCC
1,6.781,14.045,0.0468,0.1905,0.1208,BCC+FCC
2,8.8385,9.94,0.0895,0.4605,0.2523,IM
1,7.7155,13.27,0.0475,0.1749,0.1368,BCC+FCC
1,7.3055,11.655,0.0437,0.1842,0.1215,BCC+FCC
1,7.4705,12.415,0.0468,0.1855,0.1221,BCC+FCC
1,7.669,14.235,0.0508,0.1917,0.1098,BCC+FCC
1,7.328,13.79,0.054,0.1919,0.1151,BCC+FCC
1,7.272,15.395,0.052,0.1871,0.1239,BCC+FCC
1,7.087,12.81,0.0451,0.172,0.1358,BCC+FCC
3,9.2395,9.175,0.091,0.5362,0.2224,IM
2,11.0325,9.265,0.1086,0.6345,0.2697,IM
3,8.5435,10.435,0.0773,0.4426,0.2204,IM
2,8.4965,13.645,0.0348,0.1624,0.1497,FCC
1,7.5785,13.36,0.0473,0.2065,0.1021,BCC+FCC
1,7.6605,13.66,0.0452,0.2005,0.1016,BCC+FCC
1,7.6555,13.515,0.0443,0.1958,0.0922,BCC+FCC
1,7.4855,13.69,0.0426,0.186,0.0914,BCC+FCC
1,7.5915,14.18,0.0487,0.1934,0.1085,BCC+FCC
1,7.203,13.535,0.0467,0.1988,0.0948,BCC+FCC
1,7.462,14.08,0.0536,0.2138,0.1049,BCC+FCC
1,7.6805,14.43,0.047,0.1902,0.1086,BCC+FCC
1,7.357,14.125,0.0509,0.2118,0.1119,BCC+FCC
1,7.402,13.885,0.0504,0.2061,0.0951,BCC+FCC
1,7.7235,14.385,0.0455,0.1862,0.1009,BCC+FCC
1,7.5,14.68,0.045,0.1749,0.1061,BCC+FCC
1,7.1765,14.375,0.0466,0.1976,0.1095,BCC+FCC
1,7.4,14.87,0.0441,0.1785,0.1143,BCC+FCC
1,6.9955,14.2,0.0523,0.2105,0.1064,BCC+FCC
1,7.095,14.375,0.0545,0.2145,0.1068,BCC+FCC
1,7.5435,15.535,0.0457,0.1807,0.1214,BCC+FCC
1,7.413,14.9,0.0496,0.1965,0.1107,BCC+FCC
1,7.363,14.995,0.0487,0.1977,0.1164,BCC+FCC
1,7.0085,15.02,0.0518,0.2027,0.1125,BCC+FCC
1,7.076,15.12,0.0411,0.1758,0.1109,BCC+FCC
1,7.0565,15.12,0.0526,0.2032,0.1128,BCC+FCC
1,7.277,15.275,0.0459,0.1796,0.1083,BCC+FCC
1,7.325,15.375,0.0464,0.1796,0.1087,BCC+FCC
3,8.4055,13.635,0.0346,0.1711,0.1731,FCC
4,8.2475,13.435,0.0327,0.1687,0.1747,FCC
4,8.5545,13.39,0.0344,0.204,0.2066,FCC
3,8.136,13.945,0.0316,0.1309,0.1105,FCC
1,7.4715,13.15,0.0493,0.1904,0.1266,BCC+FCC
1,7.614,13.74,0.0481,0.1838,0.1363,BCC+FCC
1,7.8085,17.12,0.0298,0.1183,0.1859,FCC
3,8.2435,14.23,0.0234,0.0969,0.0973,FCC
4,8.248,14.74,0.0257,0.1081,0.1142,FCC
1,7.594,16.695,0.032,0.1313,0.1728,FCC
3,9.5975,10.82,0.1088,0.5684,0.2572,IM
3,9.48,11.155,0.1097,0.551,0.258,IM
1,7.599,13.435,0.0413,0.1916,0.1182,BCC+FCC
1,7.1275,13.98,0.0451,0.1923,0.1186,BCC+FCC
1,7.8395,14.14,0.0505,0.2011,0.1099,BCC+FCC
1,7.6175,13.575,0.0466,0.1839,0.1009,BCC+FCC
1,7.463,13.35,0.0427,0.176,0.1019,BCC+FCC
1,7.5775,13.5,0.0535,0.198,0.1083,BCC+FCC
1,7.581,13.795,0.0491,0.1941,0.0927,BCC+FCC
1,7.0635,13.615,0.0458,0.1848,0.1148,BCC+FCC
1,7.027,13.835,0.0483,0.1945,0.1067,BCC+FCC
1,7.0795,13.985,0.0546,0.2063,0.1162,BCC+FCC
1,7.6205,15.535,0.0334,0.1388,0.1968,FCC
1,7.7255,15.24,0.0269,0.1166,0.1726,FCC
3,8.465,10.405,0.0892,0.4636,0.2133,IM
3,8.7515,10.15,0.0909,0.4725,0.2188,IM
4,9.3395,10.255,0.0978,0.5412,0.2474,IM
3,9.418,11.25,0.1003,0.4844,0.2595,IM
3,9.2995,11.485,0.0887,0.3861,0.2982,IM
2,9.057,10.255,0.0897,0.5099,0.2191,IM
2,7.246,9.945,0.0643,0.3849,0.207,IM
3,9.0405,9.955,0.0861,0.5159,0.2239,IM
2,8.888,9.895,0.0817,0.4827,0.2258,IM
2,10.2285,9.72,0.0984,0.5389,0.2501,IM
4,10.1095,10.1,0.099,0.5839,0.2504,IM
2,9.0015,10.665,0.0842,0.4569,0.243,IM
1,8.0615,13.745,0.0478,0.1735,0.1125,BCC+FCC
1,7.818,12.825,0.0463,0.1782,0.0989,BCC+FCC
1,7.771,13.26,0.0481,0.185,0.1079,BCC+FCC
1,7.787,14.71,0.0502,0.1811,0.1202,BCC+FCC
1,7.0725,14.535,0.0528,0.1987,0.1129,BCC+FCC
1,7.955,13.315,0.0495,0.173,0.1236,BCC+FCC
1,7.8675,12.79,0.0497,0.1784,0.1192,BCC+FCC
1,7.7075,13.71,0.0417,0.1589,0.113,BCC+FCC
1,7.4455,13.96,0.0427,0.1657,0.1089,BCC+FCC
1,7.5515,14.45,0.0483,0.1736,0.1224,BCC+FCC
1,7.2405,13.14,0.0487,0.1834,0.1144,BCC+FCC
1,7.153,12.615,0.0479,0.1799,0.1081,BCC+FCC
1,7.1005,14.195,0.048,0.1811,0.1176,BCC+FCC
1,8.0925,14.025,0.0509,0.1681,0.118,BCC+FCC
1,7.839,14.665,0.0532,0.1797,0.1425,BCC+FCC
1,7.7205,13.57,0.0482,0.1773,0.132,BCC+FCC
1,7.8635,15.705,0.0461,0.1563,0.1342,BCC+FCC
1,7.8025,15.24,0.0468,0.1596,0.1468,BCC+FCC
1,7.4915,13.93,0.0458,0.17,0.1383,BCC+FCC
1,7.5665,13.85,0.0492,0.1788,0.1275,BCC+FCC
1,7.3635,12.57,0.0461,0.1788,0.1061,BCC+FCC
1,7.5435,15.83,0.0511,0.1729,0.1496,BCC+FCC
1,7.1645,15.155,0.0505,0.1794,0.1358,BCC+FCC
1,6.9605,15.53,0.0503,0.182,0.1263,BCC+FCC
1,7.262,12.89,0.0491,0.1989,0.0951,BCC+FCC
1,7.1375,13.28,0.0487,0.1893,0.1049,BCC+FCC
1,7.4785,11.79,0.0461,0.1805,0.1171,BCC+FCC
1,7.0025,11.935,0.0461,0.1918,0.1087,BCC+FCC
1,6.9925,14.165,0.0485,0.1801,0.131,BCC+FCC
1,6.7,12.82,0.0423,0.1731,0.1281,BCC+FCC
1,4.907,18.22,0.0296,0.1556,0.2084,BCC+FCC
1,7.298,13.34,0.0464,0.1972,0.1045,BCC+FCC
1,7.523,14.575,0.0497,0.1962,0.1286,BCC+FCC
3,8.8365,11.465,0.1044,0.5655,0.3008,IM
3,7.9395,11.595,0.0988,0.4828,0.2955,IM
3,7.518,10.53,0.0853,0.4534,0.2317,IM
4,8.678,12.82,0.0362,0.1607,0.1493,FCC
3,8.441,13.345,0.0329,0.1402,0.0919,FCC
3,8.302,12.745,0.0372,0.1505,0.0823,FCC
4,8.439,13.22,0.0378,0.1488,0.1231,FCC
3,8.517,13.105,0.029,0.1206,0.0934,FCC
2,8.4325,12.92,0.0342,0.136,0.1025,FCC
4,8.287,12.005,0.0347,0.1356,0.0713,FCC
1,8.4705,12.715,0.032,0.1373,0.0809,FCC
4,8.3555,12.93,0.0286,0.12,0.0923,FCC
4,8.508,13.35,0.0271,0.1213,0.1019,FCC
1,8.1115,14.56,0.0309,0.1175,0.1572,FCC
3,8.236,12.9,0.0255,0.1043,0.0925,FCC
1,8.3185,13.28,0.0229,0.0913,0.0929,FCC
1,7.861,13.31,0.0452,0.1966,0.1155,BCC+FCC
2,8.713,9.75,0.0852,0.4437,0.2034,IM
3,10.6945,10.405,0.1189,0.5479,0.3017,IM
3,10.0145,9.93,0.1053,0.5129,0.2732,IM
3,10.253,10.705,0.1129,0.5196,0.277,IM
3,10.248,10.56,0.1116,0.5165,0.2676,IM
3,9.0425,9.345,0.0941,0.486,0.22,IM
2,8.8655,9.115,0.1054,0.5198,0.2802,IM
3,9.874,8.42,0.1046,0.5986,0.2581,IM
3,9.9255,9.43,0.1168,0.5808,0.2675,IM
4,10.5235,10.79,0.1208,0.5434,0.3178,IM
1,7.7575,12.97,0.047,0.1977,0.1156,BCC+FCC
1,7.883,15.505,0.0331,0.1397,0.1837,FCC
1,7.613,12.59,0.0453,0.192,0.1158,BCC+FCC
1,7.355,11.525,0.0428,0.1842,0.1164,BCC+FCC
1,7.7265,13.54,0.0459,0.1928,0.1368,BCC+FCC
1,7.747,13.045,0.0448,0.1914,0.1154,BCC+FCC
1,7.5715,12.36,0.0454,0.1898,0.1161,BCC+FCC
1,7.833,12.93,0.0458,0.1795,0.1338,BCC+FCC
2,8.4185,10.07,0.082,0.3778,0.2444,IM
1,7.8885,14.715,0.0278,0.1191,0.1803,FCC
1,7.709,14.39,0.0347,0.1462,0.2018,FCC
1,7.744,14.6,0.0288,0.1209,0.1886,FCC
1,7.671,14.135,0.0345,0.1458,0.2017,FCC
1,7.735,15.095,0.0348,0.1454,0.2131,FCC
1,8.087,13.845,0.0322,0.1276,0.1547,FCC
2,8.6415,9.435,0.0888,0.4591,0.2038,IM
3,8.7545,9.77,0.0913,0.4424,0.2038,IM
3,9.159,9.295,0.0956,0.4832,0.2102,IM
1,7.4095,8.185,0.0648,0.3819,0.2022,IM
2,10.804,9.685,0.1064,0.499,0.3115,IM
2,9.2575,9.15,0.1045,0.5012,0.2403,IM
4,9.5455,8.94,0.1053,0.526,0.2546,IM
2,9.1955,10.59,0.0884,0.4176,0.2415,IM
2,8.151,9.81,0.0826,0.418,0.2013,IM
2,8.04,9.205,0.0701,0.3875,0.1667,IM
2,8.2115,10.37,0.0738,0.357,0.1614,IM
3,9.826,9.42,0.1068,0.5241,0.2775,IM
2,9.751,10.16,0.0988,0.4553,0.2853,IM
2,9.1185,8.92,0.0981,0.5322,0.2023,IM
4,9.155,9.265,0.0737,0.3681,0.2598,IM
2,11.636,8.8,0.1255,0.6889,0.2756,IM
4,8.016,9.19,0.0714,0.3666,0.2248,IM
2,8.978,9.12,0.1011,0.4921,0.2515,IM
3,9.3945,9.23,0.1017,0.5395,0.2181,IM
2,10.431,8.4,0.0962,0.5967,0.2499,IM
2,10.191,8.71,0.0982,0.5788,0.2351,IM
2,8.989,8.75,0.0805,0.5141,0.1899,IM
3,8.3545,8.97,0.0739,0.4373,0.1817,IM
4,8.6315,8.965,0.081,0.4885,0.1878,IM
3,8.766,8.765,0.0827,0.4829,0.1949,IM
2,8.848,9.03,0.0835,0.4728,0.1924,IM
4,8.9135,9.38,0.0888,0.4729,0.1937,IM
2,8.397,8.925,0.0928,0.5112,0.1957,IM
3,8.7355,8.95,0.0948,0.5299,0.1972,IM
2,8.952,9.015,0.0972,0.5127,0.2028,IM
2,8.386,8.9,0.0832,0.4225,0.2349,IM
2,8.894,8.085,0.0934,0.5416,0.244,IM
2,9.2295,7.99,0.0966,0.5434,0.2564,IM
3,8.7935,8.58,0.0887,0.4811,0.2263,IM
3,10.546,8.325,0.1054,0.6247,0.2463,IM
3,10.7325,8.405,0.1095,0.6287,0.2588,IM
3,10.3405,8.77,0.1113,0.5925,0.2559,IM
4,10.2705,9.09,0.1111,0.565,0.2542,IM
3,8.8055,8.555,0.0966,0.497,0.2573,IM
2,9.144,8.58,0.0992,0.5155,0.2582,IM
3,8.516,12.995,0.0378,0.1719,0.1628,FCC
4,8.6555,12.785,0.0335,0.1625,0.1341,FCC
4,8.376,12.99,0.0317,0.1437,0.0699,FCC
1,8.3705,13.21,0.0311,0.1445,0.0844,FCC
1,7.893,13.595,0.0471,0.1959,0.1232,BCC+FCC
1,7.8985,16.45,0.0325,0.1396,0.193,FCC
1,7.8895,13.62,0.0461,0.1945,0.1231,BCC+FCC
1,7.906,13.515,0.0444,0.1949,0.1156,BCC+FCC
4,10.887,10.885,0.1269,0.5515,0.2957,IM
3,11.1865,10.845,0.1236,0.5397,0.3225,IM
3,9.148,10.83,0.1124,0.4704,0.3027,IM
3,8.8235,12.63,0.0368,0.2057,0.1902,FCC
1,8.624,14.83,0.0375,0.2054,0.2658,FCC
1,7.91,14.74,0.0318,0.1424,0.1863,FCC
1,8.048,15.96,0.0307,0.122,0.1943,FCC
1,7.929,15.215,0.0317,0.1342,0.1955,FCC
2,8.994,10.24,0.1009,0.4707,0.2148,IM
4,9.742,9.455,0.1143,0.56,0.2656,IM
4,10.29,10.88,0.1127,0.5063,0.3002,IM
2,10.476,10.265,0.118,0.5429,0.3002,IM
2,10.105,10.88,0.1177,0.5163,0.3071,IM
3,8.3015,13.33,0.0349,0.1797,0.2031,FCC
3,9.3535,9.81,0.126,0.5732,0.2711,IM
4,9.727,9.035,0.1159,0.5951,0.2408,IM
3,9.34,9.545,0.1196,0.5604,0.2492,IM
3,9.2935,9.455,0.0965,0.5365,0.204,IM
2,9.6445,9.79,0.1145,0.5396,0.2902,IM
2,9.586,10.795,0.1143,0.4973,0.3162,IM
3,9.9235,9.175,0.1115,0.5712,0.2459,IM
3,9.273,10.55,0.0906,0.3794,0.2818,IM
3,8.5175,9.56,0.0922,0.4802,0.1956,IM
3,9.0525,9.565,0.1003,0.5273,0.1948,IM
3,8.834,9.915,0.1015,0.485,0.1964,IM
2,9.1535,9.55,0.1009,0.5521,0.1929,IM
2,8.8835,9.825,0.0999,0.505,0.1955,IM
2,9.3355,9.335,0.1005,0.5322,0.1988,IM
3,9.4385,9.825,0.1085,0.5135,0.2036,IM
3,9.0455,9.615,0.0975,0.5191,0.1958,IM
2,9.266,9.77,0.1045,0.5191,0.1992,IM
4,9.1135,9.71,0.1006,0.4874,0.2026,IM
3,11.163,9.625,0.1176,0.5423,0.2912,IM
3,9.1645,9.49,0.1144,0.5275,0.2331,IM
1,7.74,12.19,0.0458,0.1861,0.1174,BCC+FCC
1,7.745,13.225,0.0486,0.2014,0.1242,BCC+FCC
1,7.922,13.33,0.0476,0.1907,0.1298,BCC+FCC
1,7.597,12.285,0.0446,0.1843,0.1131,BCC+FCC
3,10.513,9.845,0.1201,0.5676,0.2861,IM
3,10.526,10.17,0.1191,0.5433,0.288,IM
3,9.5655,9.73,0.1008,0.501,0.2386,IM
3,9.6005,10.125,0.1061,0.516,0.2388,IM
3,8.1805,8.955,0.0893,0.4956,0.2073,IM
2,8.331,9.285,0.0771,0.4603,0.1832,IM
2,9.204,9.45,0.0946,0.5046,0.1922,IM
3,8.8905,8.845,0.0827,0.5127,0.1904,IM
3,10.789,9.325,0.1156,0.5983,0.2663,IM
2,10.6715,9.66,0.1182,0.5818,0.2768,IM
3,9.467,9.33,0.0864,0.4688,0.2224,IM
2,9.691,9.78,0.0964,0.4673,0.2356,IM
2,9.204,9.255,0.1029,0.5037,0.2303,IM
3,9.794,10.07,0.1108,0.5023,0.2892,IM
3,9.2,9.56,0.1023,0.5161,0.2074,IM
2,10.3665,9.395,0.1125,0.6019,0.2267,IM
3,9.485,9.81,0.101,0.5176,0.2334,IM
2,8.1655,8.86,0.0706,0.4701,0.1653,IM
2,8.6655,8.81,0.0779,0.478,0.1735,IM
2,8.8695,9.265,0.0867,0.5173,0.1806,IM
2,8.651,9.615,0.0889,0.4807,0.1836,IM
2,8.445,8.955,0.088,0.4615,0.2087,IM
3,8.663,8.72,0.094,0.4951,0.2108,IM
2,8.624,8.97,0.0834,0.4389,0.2127,IM
3,9.643,8.975,0.1154,0.5968,0.2321,IM
3,9.035,8.855,0.0962,0.5131,0.2121,IM
2,9.563,8.765,0.1019,0.553,0.2234,IM
3,9.2405,8.695,0.0985,0.5268,0.2122,IM
2,9.5595,8.79,0.1006,0.5483,0.2239,IM
3,8.643,9.22,0.0951,0.4749,0.2029,IM
2,9.4685,8.135,0.0837,0.5882,0.2099,IM
4,10.4605,8.915,0.1017,0.567,0.2487,IM
4,10.1025,9.015,0.0959,0.5214,0.2522,IM
2,10.2385,9.29,0.1017,0.525,0.2599,IM
3,9.449,8.36,0.0852,0.5187,0.1847,IM
2,10.7035,7.125,0.0413,0.6004,0.1464,BCC
2,11.2505,7.295,0.0413,0.5742,0.1462,BCC
1,7.986,13.61,0.0463,0.1825,0.1324,BCC+FCC
1,7.864,12.805,0.0485,0.1928,0.1268,BCC+FCC
2,8.3275,10.465,0.104,0.4932,0.2288,IM
2,9.007,8.74,0.0928,0.561,0.1886,IM
2,8.9485,10.165,0.109,0.5276,0.2174,IM
4,8.897,10.09,0.1063,0.5231,0.2189,IM
1,7.9045,13.485,0.0472,0.1923,0.1369,BCC+FCC
2,9.1365,9.63,0.1211,0.5831,0.2674,IM
3,8.2035,9.68,0.0965,0.5567,0.2037,IM
3,8.6165,10.815,0.1149,0.4987,0.2491,IM
2,10.0595,7.02,0.0399,0.6646,0.1643,BCC
4,9.458,7.245,0.0366,0.5738,0.1678,BCC
3,9.438,8.88,0.098,0.6193,0.2063,IM
3,8.6665,9.325,0.0912,0.5119,0.1824,IM
2,8.7545,9.5,0.0962,0.5113,0.1893,IM
2,7.962,9.355,0.0841,0.4614,0.1904,IM
2,11.0975,7.125,0.0426,0.5802,0.1467,BCC
2,8.126,7.065,0.0417,0.5007,0.1418,BCC
3,9.786,6.795,0.0383,0.5505,0.1384,BCC
3,7.946,8.905,0.0794,0.4764,0.1595,IM
2,9.8935,7.085,0.0381,0.4267,0.1414,BCC
2,7.4025,7.805,0.0423,0.3594,0.1701,BCC
2,9.44,6.875,0.0429,0.4698,0.131,BCC
4,10.681,6.845,0.038,0.4774,0.1487,BCC
2,10.4445,6.9,0.04,0.4902,0.1402,BCC
4,11.2735,7.08,0.0464,0.5144,0.1569,BCC
3,10.5025,6.91,0.0331,0.4117,0.1337,BCC
2,8.5285,7.045,0.04,0.409,0.1623,BCC
4,8.1235,7.085,0.0386,0.3877,0.1577,BCC
4,10.514,7.13,0.0436,0.4895,0.1585,BCC
4,9.1775,7.295,0.0394,0.4149,0.1647,BCC
2,10.5525,7.265,0.0408,0.45,0.1597,BCC
4,9.4615,7.22,0.0467,0.4995,0.149,BCC
3,8.7,7.355,0.0444,0.4313,0.1681,BCC
3,7.652,7.735,0.0461,0.3777,0.1789,BCC
2,8.0795,7.865,0.0452,0.3825,0.1925,BCC
4,8.7775,7.785,0.0416,0.3817,0.2005,BCC
